date,district,avg_temp_c,total_rain_mm,avg_humidity,sensor_count,District,State,Mandi_ID,Mandi_Type
2026-01-01,Unknown,27.891607142857143,1223.88,62.79545454545455,36,Unknown,Punjab,MANDI017,PRIVATE
2026-01-01,Unknown,27.891607142857143,1223.88,62.79545454545455,36,Unknown,Haryana,MANDI032,PRIVATE
2026-01-01,Unknown,27.891607142857143,1223.88,62.79545454545455,36,Unknown,Haryana,MANDI039,APMC
2026-01-01,Unknown,27.891607142857143,1223.88,62.79545454545455,36,Unknown,Uttar Pradesh,MANDI046,PRIVATE
2026-01-02,Unknown,27.595806451612905,1439.83,65.43636363636364,37,Unknown,Punjab,MANDI017,PRIVATE
2026-01-02,Unknown,27.595806451612905,1439.83,65.43636363636364,37,Unknown,Haryana,MANDI032,PRIVATE
2026-01-02,Unknown,27.595806451612905,1439.83,65.43636363636364,37,Unknown,Haryana,MANDI039,APMC
2026-01-02,Unknown,27.595806451612905,1439.83,65.43636363636364,37,Unknown,Uttar Pradesh,MANDI046,PRIVATE
2026-01-03,Unknown,25.007,1389.44,59.0,36,Unknown,Punjab,MANDI017,PRIVATE
2026-01-03,Unknown,25.007,1389.44,59.0,36,Unknown,Haryana,MANDI032,PRIVATE
2026-01-03,Unknown,25.007,1389.44,59.0,36,Unknown,Haryana,MANDI039,APMC
2026-01-03,Unknown,25.007,1389.44,59.0,36,Unknown,Uttar Pradesh,MANDI046,PRIVATE
2026-01-04,Unknown,29.244736842105265,1407.31,66.28846153846153,36,Unknown,Punjab,MANDI017,PRIVATE
2026-01-04,Unknown,29.244736842105265,1407.31,66.28846153846153,36,Unknown,Haryana,MANDI032,PRIVATE
2026-01-04,Unknown,29.244736842105265,1407.31,66.28846153846153,36,Unknown,Haryana,MANDI039,APMC
2026-01-04,Unknown,29.244736842105265,1407.31,66.28846153846153,36,Unknown,Uttar Pradesh,MANDI046,PRIVATE
2026-01-05,Unknown,28.708421052631582,1342.45,61.39622641509434,28,Unknown,Punjab,MANDI017,PRIVATE
2026-01-05,Unknown,28.708421052631582,1342.45,61.39622641509434,28,Unknown,Haryana,MANDI032,PRIVATE
2026-01-05,Unknown,28.708421052631582,1342.45,61.39622641509434,28,Unknown,Haryana,MANDI039,APMC
2026-01-05,Unknown,28.708421052631582,1342.45,61.39622641509434,28,Unknown,Uttar Pradesh,MANDI046,PRIVATE
2026-01-06,Unknown,27.06,1258.49,61.90384615384615,37,Unknown,Punjab,MANDI017,PRIVATE
2026-01-06,Unknown,27.06,1258.49,61.90384615384615,37,Unknown,Haryana,MANDI032,PRIVATE
2026-01-06,Unknown,27.06,1258.49,61.90384615384615,37,Unknown,Haryana,MANDI039,APMC
2026-01-06,Unknown,27.06,1258.49,61.90384615384615,37,Unknown,Uttar Pradesh,MANDI046,PRIVATE
2026-01-07,Unknown,27.70865671641791,1474.9,59.46666666666667,38,Unknown,Punjab,MANDI017,PRIVATE
2026-01-07,Unknown,27.70865671641791,1474.9,59.46666666666667,38,Unknown,Haryana,MANDI032,PRIVATE
2026-01-07,Unknown,27.70865671641791,1474.9,59.46666666666667,38,Unknown,Haryana,MANDI039,APMC
2026-01-07,Unknown,27.70865671641791,1474.9,59.46666666666667,38,Unknown,Uttar Pradesh,MANDI046,PRIVATE
2026-01-08,Unknown,27.30666666666667,1139.72,70.23809523809524,34,Unknown,Punjab,MANDI017,PRIVATE
2026-01-08,Unknown,27.30666666666667,1139.72,70.23809523809524,34,Unknown,Haryana,MANDI032,PRIVATE
2026-01-08,Unknown,27.30666666666667,1139.72,70.23809523809524,34,Unknown,Haryana,MANDI039,APMC
2026-01-08,Unknown,27.30666666666667,1139.72,70.23809523809524,34,Unknown,Uttar Pradesh,MANDI046,PRIVATE
2026-01-09,Unknown,28.282807017543856,1131.33,59.64705882352941,31,Unknown,Punjab,MANDI017,PRIVATE
2026-01-09,Unknown,28.282807017543856,1131.33,59.64705882352941,31,Unknown,Haryana,MANDI032,PRIVATE
2026-01-09,Unknown,28.282807017543856,1131.33,59.64705882352941,31,Unknown,Haryana,MANDI039,APMC
2026-01-09,Unknown,28.282807017543856,1131.33,59.64705882352941,31,Unknown,Uttar Pradesh,MANDI046,PRIVATE
2026-01-10,Unknown,29.039622641509432,1274.99,59.61702127659574,29,Unknown,Punjab,MANDI017,PRIVATE
2026-01-10,Unknown,29.039622641509432,1274.99,59.61702127659574,29,Unknown,Haryana,MANDI032,PRIVATE
2026-01-10,Unknown,29.039622641509432,1274.99,59.61702127659574,29,Unknown,Haryana,MANDI039,APMC
2026-01-10,Unknown,29.039622641509432,1274.99,59.61702127659574,29,Unknown,Uttar Pradesh,MANDI046,PRIVATE
2026-01-11,Unknown,25.410847457627117,1354.02,62.74545454545454,35,Unknown,Punjab,MANDI017,PRIVATE
2026-01-11,Unknown,25.410847457627117,1354.02,62.74545454545454,35,Unknown,Haryana,MANDI032,PRIVATE
2026-01-11,Unknown,25.410847457627117,1354.02,62.74545454545454,35,Unknown,Haryana,MANDI039,APMC
2026-01-11,Unknown,25.410847457627117,1354.02,62.74545454545454,35,Unknown,Uttar Pradesh,MANDI046,PRIVATE
2026-01-12,Unknown,26.53439024390244,981.37,58.270270270270274,28,Unknown,Punjab,MANDI017,PRIVATE
2026-01-12,Unknown,26.53439024390244,981.37,58.270270270270274,28,Unknown,Haryana,MANDI032,PRIVATE
2026-01-12,Unknown,26.53439024390244,981.37,58.270270270270274,28,Unknown,Haryana,MANDI039,APMC
2026-01-12,Unknown,26.53439024390244,981.37,58.270270270270274,28,Unknown,Uttar Pradesh,MANDI046,PRIVATE
2026-01-13,Unknown,27.07,1254.0,59.91304347826087,31,Unknown,Punjab,MANDI017,PRIVATE
2026-01-13,Unknown,27.07,1254.0,59.91304347826087,31,Unknown,Haryana,MANDI032,PRIVATE
2026-01-13,Unknown,27.07,1254.0,59.91304347826087,31,Unknown,Haryana,MANDI039,APMC
2026-01-13,Unknown,27.07,1254.0,59.91304347826087,31,Unknown,Uttar Pradesh,MANDI046,PRIVATE
2026-01-14,Unknown,26.357307692307693,1174.43,59.97674418604651,34,Unknown,Punjab,MANDI017,PRIVATE
2026-01-14,Unknown,26.357307692307693,1174.43,59.97674418604651,34,Unknown,Haryana,MANDI032,PRIVATE
2026-01-14,Unknown,26.357307692307693,1174.43,59.97674418604651,34,Unknown,Haryana,MANDI039,APMC
2026-01-14,Unknown,26.357307692307693,1174.43,59.97674418604651,34,Unknown,Uttar Pradesh,MANDI046,PRIVATE
2026-01-15,Unknown,27.168518518518518,1078.41,66.16666666666667,35,Unknown,Punjab,MANDI017,PRIVATE
2026-01-15,Unknown,27.168518518518518,1078.41,66.16666666666667,35,Unknown,Haryana,MANDI032,PRIVATE
2026-01-15,Unknown,27.168518518518518,1078.41,66.16666666666667,35,Unknown,Haryana,MANDI039,APMC
2026-01-15,Unknown,27.168518518518518,1078.41,66.16666666666667,35,Unknown,Uttar Pradesh,MANDI046,PRIVATE
2026-01-16,Unknown,28.75103448275862,1391.63,61.470588235294116,33,Unknown,Punjab,MANDI017,PRIVATE
2026-01-16,Unknown,28.75103448275862,1391.63,61.470588235294116,33,Unknown,Haryana,MANDI032,PRIVATE
2026-01-16,Unknown,28.75103448275862,1391.63,61.470588235294116,33,Unknown,Haryana,MANDI039,APMC
2026-01-16,Unknown,28.75103448275862,1391.63,61.470588235294116,33,Unknown,Uttar Pradesh,MANDI046,PRIVATE
2026-01-17,Unknown,29.84844827586207,1586.61,63.716981132075475,32,Unknown,Punjab,MANDI017,PRIVATE
2026-01-17,Unknown,29.84844827586207,1586.61,63.716981132075475,32,Unknown,Haryana,MANDI032,PRIVATE
2026-01-17,Unknown,29.84844827586207,1586.61,63.716981132075475,32,Unknown,Haryana,MANDI039,APMC
2026-01-17,Unknown,29.84844827586207,1586.61,63.716981132075475,32,Unknown,Uttar Pradesh,MANDI046,PRIVATE
2026-01-18,Unknown,27.929722222222225,923.37,69.125,23,Unknown,Punjab,MANDI017,PRIVATE
2026-01-18,Unknown,27.929722222222225,923.37,69.125,23,Unknown,Haryana,MANDI032,PRIVATE
2026-01-18,Unknown,27.929722222222225,923.37,69.125,23,Unknown,Haryana,MANDI039,APMC
2026-01-18,Unknown,27.929722222222225,923.37,69.125,23,Unknown,Uttar Pradesh,MANDI046,PRIVATE
2026-01-19,Unknown,26.927966101694917,1415.28,56.339622641509436,32,Unknown,Punjab,MANDI017,PRIVATE
2026-01-19,Unknown,26.927966101694917,1415.28,56.339622641509436,32,Unknown,Haryana,MANDI032,PRIVATE
2026-01-19,Unknown,26.927966101694917,1415.28,56.339622641509436,32,Unknown,Haryana,MANDI039,APMC
2026-01-19,Unknown,26.927966101694917,1415.28,56.339622641509436,32,Unknown,Uttar Pradesh,MANDI046,PRIVATE
2026-01-20,Unknown,28.399814814814814,1187.59,62.13725490196079,33,Unknown,Punjab,MANDI017,PRIVATE
2026-01-20,Unknown,28.399814814814814,1187.59,62.13725490196079,33,Unknown,Haryana,MANDI032,PRIVATE
2026-01-20,Unknown,28.399814814814814,1187.59,62.13725490196079,33,Unknown,Haryana,MANDI039,APMC
2026-01-20,Unknown,28.399814814814814,1187.59,62.13725490196079,33,Unknown,Uttar Pradesh,MANDI046,PRIVATE
2026-01-21,Unknown,25.692156862745097,1256.76,61.55813953488372,32,Unknown,Punjab,MANDI017,PRIVATE
2026-01-21,Unknown,25.692156862745097,1256.76,61.55813953488372,32,Unknown,Haryana,MANDI032,PRIVATE
2026-01-21,Unknown,25.692156862745097,1256.76,61.55813953488372,32,Unknown,Haryana,MANDI039,APMC
2026-01-21,Unknown,25.692156862745097,1256.76,61.55813953488372,32,Unknown,Uttar Pradesh,MANDI046,PRIVATE
2026-01-22,Unknown,28.51181818181818,1104.73,63.891891891891895,29,Unknown,Punjab,MANDI017,PRIVATE
2026-01-22,Unknown,28.51181818181818,1104.73,63.891891891891895,29,Unknown,Haryana,MANDI032,PRIVATE
2026-01-22,Unknown,28.51181818181818,1104.73,63.891891891891895,29,Unknown,Haryana,MANDI039,APMC
2026-01-22,Unknown,28.51181818181818,1104.73,63.891891891891895,29,Unknown,Uttar Pradesh,MANDI046,PRIVATE
2026-01-23,Unknown,26.830000000000002,951.06,59.588235294117645,24,Unknown,Punjab,MANDI017,PRIVATE
2026-01-23,Unknown,26.830000000000002,951.06,59.588235294117645,24,Unknown,Haryana,MANDI032,PRIVATE
2026-01-23,Unknown,26.830000000000002,951.06,59.588235294117645,24,Unknown,Haryana,MANDI039,APMC
2026-01-23,Unknown,26.830000000000002,951.06,59.588235294117645,24,Unknown,Uttar Pradesh,MANDI046,PRIVATE
2026-01-24,Unknown,25.808688524590163,1598.54,63.46,34,Unknown,Punjab,MANDI017,PRIVATE
2026-01-24,Unknown,25.808688524590163,1598.54,63.46,34,Unknown,Haryana,MANDI032,PRIVATE
2026-01-24,Unknown,25.808688524590163,1598.54,63.46,34,Unknown,Haryana,MANDI039,APMC
2026-01-24,Unknown,25.808688524590163,1598.54,63.46,34,Unknown,Uttar Pradesh,MANDI046,PRIVATE
2026-01-25,Unknown,28.885454545454543,1621.79,59.80597014925373,40,Unknown,Punjab,MANDI017,PRIVATE
2026-01-25,Unknown,28.885454545454543,1621.79,59.80597014925373,40,Unknown,Haryana,MANDI032,PRIVATE
2026-01-25,Unknown,28.885454545454543,1621.79,59.80597014925373,40,Unknown,Haryana,MANDI039,APMC
2026-01-25,Unknown,28.885454545454543,1621.79,59.80597014925373,40,Unknown,Uttar Pradesh,MANDI046,PRIVATE
2026-01-26,Unknown,27.84232142857143,1427.23,64.15094339622641,35,Unknown,Punjab,MANDI017,PRIVATE
2026-01-26,Unknown,27.84232142857143,1427.23,64.15094339622641,35,Unknown,Haryana,MANDI032,PRIVATE
2026-01-26,Unknown,27.84232142857143,1427.23,64.15094339622641,35,Unknown,Haryana,MANDI039,APMC
2026-01-26,Unknown,27.84232142857143,1427.23,64.15094339622641,35,Unknown,Uttar Pradesh,MANDI046,PRIVATE
2026-01-27,Unknown,26.885098039215688,954.37,62.775510204081634,33,Unknown,Punjab,MANDI017,PRIVATE
2026-01-27,Unknown,26.885098039215688,954.37,62.775510204081634,33,Unknown,Haryana,MANDI032,PRIVATE
2026-01-27,Unknown,26.885098039215688,954.37,62.775510204081634,33,Unknown,Haryana,MANDI039,APMC
2026-01-27,Unknown,26.885098039215688,954.37,62.775510204081634,33,Unknown,Uttar Pradesh,MANDI046,PRIVATE
2026-01-28,Unknown,28.638431372549018,1186.29,64.51063829787235,27,Unknown,Punjab,MANDI017,PRIVATE
2026-01-28,Unknown,28.638431372549018,1186.29,64.51063829787235,27,Unknown,Haryana,MANDI032,PRIVATE
2026-01-28,Unknown,28.638431372549018,1186.29,64.51063829787235,27,Unknown,Haryana,MANDI039,APMC
2026-01-28,Unknown,28.638431372549018,1186.29,64.51063829787235,27,Unknown,Uttar Pradesh,MANDI046,PRIVATE
2026-01-29,Unknown,28.365185185185187,1280.58,63.04347826086956,33,Unknown,Punjab,MANDI017,PRIVATE
2026-01-29,Unknown,28.365185185185187,1280.58,63.04347826086956,33,Unknown,Haryana,MANDI032,PRIVATE
2026-01-29,Unknown,28.365185185185187,1280.58,63.04347826086956,33,Unknown,Haryana,MANDI039,APMC
2026-01-29,Unknown,28.365185185185187,1280.58,63.04347826086956,33,Unknown,Uttar Pradesh,MANDI046,PRIVATE
2026-01-30,Unknown,28.599807692307692,1415.48,60.391304347826086,33,Unknown,Punjab,MANDI017,PRIVATE
2026-01-30,Unknown,28.599807692307692,1415.48,60.391304347826086,33,Unknown,Haryana,MANDI032,PRIVATE
2026-01-30,Unknown,28.599807692307692,1415.48,60.391304347826086,33,Unknown,Haryana,MANDI039,APMC
2026-01-30,Unknown,28.599807692307692,1415.48,60.391304347826086,33,Unknown,Uttar Pradesh,MANDI046,PRIVATE
2026-01-31,Unknown,26.841971830985916,1668.42,65.90163934426229,37,Unknown,Punjab,MANDI017,PRIVATE
2026-01-31,Unknown,26.841971830985916,1668.42,65.90163934426229,37,Unknown,Haryana,MANDI032,PRIVATE
2026-01-31,Unknown,26.841971830985916,1668.42,65.90163934426229,37,Unknown,Haryana,MANDI039,APMC
2026-01-31,Unknown,26.841971830985916,1668.42,65.90163934426229,37,Unknown,Uttar Pradesh,MANDI046,PRIVATE
2026-02-01,Unknown,27.709672131147542,1681.62,61.01754385964912,34,Unknown,Punjab,MANDI017,PRIVATE
2026-02-01,Unknown,27.709672131147542,1681.62,61.01754385964912,34,Unknown,Haryana,MANDI032,PRIVATE
2026-02-01,Unknown,27.709672131147542,1681.62,61.01754385964912,34,Unknown,Haryana,MANDI039,APMC
2026-02-01,Unknown,27.709672131147542,1681.62,61.01754385964912,34,Unknown,Uttar Pradesh,MANDI046,PRIVATE
2026-02-02,Unknown,27.737142857142857,1292.4,65.53061224489795,33,Unknown,Punjab,MANDI017,PRIVATE
2026-02-02,Unknown,27.737142857142857,1292.4,65.53061224489795,33,Unknown,Haryana,MANDI032,PRIVATE
2026-02-02,Unknown,27.737142857142857,1292.4,65.53061224489795,33,Unknown,Haryana,MANDI039,APMC
2026-02-02,Unknown,27.737142857142857,1292.4,65.53061224489795,33,Unknown,Uttar Pradesh,MANDI046,PRIVATE
2026-02-03,Unknown,27.692833333333333,1299.56,59.464285714285715,32,Unknown,Punjab,MANDI017,PRIVATE
2026-02-03,Unknown,27.692833333333333,1299.56,59.464285714285715,32,Unknown,Haryana,MANDI032,PRIVATE
2026-02-03,Unknown,27.692833333333333,1299.56,59.464285714285715,32,Unknown,Haryana,MANDI039,APMC
2026-02-03,Unknown,27.692833333333333,1299.56,59.464285714285715,32,Unknown,Uttar Pradesh,MANDI046,PRIVATE
2026-02-04,Unknown,27.955272727272728,1194.09,63.333333333333336,32,Unknown,Punjab,MANDI017,PRIVATE
2026-02-04,Unknown,27.955272727272728,1194.09,63.333333333333336,32,Unknown,Haryana,MANDI032,PRIVATE
2026-02-04,Unknown,27.955272727272728,1194.09,63.333333333333336,32,Unknown,Haryana,MANDI039,APMC
2026-02-04,Unknown,27.955272727272728,1194.09,63.333333333333336,32,Unknown,Uttar Pradesh,MANDI046,PRIVATE
2026-02-05,Unknown,29.051967213114754,1593.17,65.47368421052632,36,Unknown,Punjab,MANDI017,PRIVATE
2026-02-05,Unknown,29.051967213114754,1593.17,65.47368421052632,36,Unknown,Haryana,MANDI032,PRIVATE
2026-02-05,Unknown,29.051967213114754,1593.17,65.47368421052632,36,Unknown,Haryana,MANDI039,APMC
2026-02-05,Unknown,29.051967213114754,1593.17,65.47368421052632,36,Unknown,Uttar Pradesh,MANDI046,PRIVATE
2026-02-06,Unknown,27.683846153846154,1047.26,61.57142857142857,28,Unknown,Punjab,MANDI017,PRIVATE
2026-02-06,Unknown,27.683846153846154,1047.26,61.57142857142857,28,Unknown,Haryana,MANDI032,PRIVATE
2026-02-06,Unknown,27.683846153846154,1047.26,61.57142857142857,28,Unknown,Haryana,MANDI039,APMC
2026-02-06,Unknown,27.683846153846154,1047.26,61.57142857142857,28,Unknown,Uttar Pradesh,MANDI046,PRIVATE
2026-02-07,Unknown,28.318421052631578,1155.65,59.301886792452834,33,Unknown,Punjab,MANDI017,PRIVATE
2026-02-07,Unknown,28.318421052631578,1155.65,59.301886792452834,33,Unknown,Haryana,MANDI032,PRIVATE
2026-02-07,Unknown,28.318421052631578,1155.65,59.301886792452834,33,Unknown,Haryana,MANDI039,APMC
2026-02-07,Unknown,28.318421052631578,1155.65,59.301886792452834,33,Unknown,Uttar Pradesh,MANDI046,PRIVATE
2026-02-08,Unknown,27.962807017543863,1200.48,58.627450980392155,34,Unknown,Punjab,MANDI017,PRIVATE
2026-02-08,Unknown,27.962807017543863,1200.48,58.627450980392155,34,Unknown,Haryana,MANDI032,PRIVATE
2026-02-08,Unknown,27.962807017543863,1200.48,58.627450980392155,34,Unknown,Haryana,MANDI039,APMC
2026-02-08,Unknown,27.962807017543863,1200.48,58.627450980392155,34,Unknown,Uttar Pradesh,MANDI046,PRIVATE
2026-02-09,Unknown,26.168035714285715,1378.07,58.32692307692308,32,Unknown,Punjab,MANDI017,PRIVATE
2026-02-09,Unknown,26.168035714285715,1378.07,58.32692307692308,32,Unknown,Haryana,MANDI032,PRIVATE
2026-02-09,Unknown,26.168035714285715,1378.07,58.32692307692308,32,Unknown,Haryana,MANDI039,APMC
2026-02-09,Unknown,26.168035714285715,1378.07,58.32692307692308,32,Unknown,Uttar Pradesh,MANDI046,PRIVATE
2026-02-10,Unknown,26.849259259259256,1345.27,67.28571428571429,33,Unknown,Punjab,MANDI017,PRIVATE
2026-02-10,Unknown,26.849259259259256,1345.27,67.28571428571429,33,Unknown,Haryana,MANDI032,PRIVATE
2026-02-10,Unknown,26.849259259259256,1345.27,67.28571428571429,33,Unknown,Haryana,MANDI039,APMC
2026-02-10,Unknown,26.849259259259256,1345.27,67.28571428571429,33,Unknown,Uttar Pradesh,MANDI046,PRIVATE
2026-02-11,Unknown,28.216829268292685,1027.6,65.48717948717949,27,Unknown,Punjab,MANDI017,PRIVATE
2026-02-11,Unknown,28.216829268292685,1027.6,65.48717948717949,27,Unknown,Haryana,MANDI032,PRIVATE
2026-02-11,Unknown,28.216829268292685,1027.6,65.48717948717949,27,Unknown,Haryana,MANDI039,APMC
2026-02-11,Unknown,28.216829268292685,1027.6,65.48717948717949,27,Unknown,Uttar Pradesh,MANDI046,PRIVATE
2026-02-12,Unknown,27.51311475409836,1702.57,63.05084745762712,32,Unknown,Punjab,MANDI017,PRIVATE
2026-02-12,Unknown,27.51311475409836,1702.57,63.05084745762712,32,Unknown,Haryana,MANDI032,PRIVATE
2026-02-12,Unknown,27.51311475409836,1702.57,63.05084745762712,32,Unknown,Haryana,MANDI039,APMC
2026-02-12,Unknown,27.51311475409836,1702.57,63.05084745762712,32,Unknown,Uttar Pradesh,MANDI046,PRIVATE
2026-02-13,Unknown,27.918958333333332,1149.73,57.390243902439025,30,Unknown,Punjab,MANDI017,PRIVATE
2026-02-13,Unknown,27.918958333333332,1149.73,57.390243902439025,30,Unknown,Haryana,MANDI032,PRIVATE
2026-02-13,Unknown,27.918958333333332,1149.73,57.390243902439025,30,Unknown,Haryana,MANDI039,APMC
2026-02-13,Unknown,27.918958333333332,1149.73,57.390243902439025,30,Unknown,Uttar Pradesh,MANDI046,PRIVATE
2026-02-14,Unknown,26.596851851851852,1172.82,63.11764705882353,35,Unknown,Punjab,MANDI017,PRIVATE
2026-02-14,Unknown,26.596851851851852,1172.82,63.11764705882353,35,Unknown,Haryana,MANDI032,PRIVATE
2026-02-14,Unknown,26.596851851851852,1172.82,63.11764705882353,35,Unknown,Haryana,MANDI039,APMC
2026-02-14,Unknown,26.596851851851852,1172.82,63.11764705882353,35,Unknown,Uttar Pradesh,MANDI046,PRIVATE
2026-02-15,Unknown,25.990754716981133,1322.14,61.270833333333336,30,Unknown,Punjab,MANDI017,PRIVATE
2026-02-15,Unknown,25.990754716981133,1322.14,61.270833333333336,30,Unknown,Haryana,MANDI032,PRIVATE
2026-02-15,Unknown,25.990754716981133,1322.14,61.270833333333336,30,Unknown,Haryana,MANDI039,APMC
2026-02-15,Unknown,25.990754716981133,1322.14,61.270833333333336,30,Unknown,Uttar Pradesh,MANDI046,PRIVATE
2026-02-16,Unknown,27.445833333333333,818.69,62.64705882352941,25,Unknown,Punjab,MANDI017,PRIVATE
2026-02-16,Unknown,27.445833333333333,818.69,62.64705882352941,25,Unknown,Haryana,MANDI032,PRIVATE
2026-02-16,Unknown,27.445833333333333,818.69,62.64705882352941,25,Unknown,Haryana,MANDI039,APMC
2026-02-16,Unknown,27.445833333333333,818.69,62.64705882352941,25,Unknown,Uttar Pradesh,MANDI046,PRIVATE
2026-02-17,Unknown,27.73156862745098,1055.99,62.54545454545455,33,Unknown,Punjab,MANDI017,PRIVATE
2026-02-17,Unknown,27.73156862745098,1055.99,62.54545454545455,33,Unknown,Haryana,MANDI032,PRIVATE
2026-02-17,Unknown,27.73156862745098,1055.99,62.54545454545455,33,Unknown,Haryana,MANDI039,APMC
2026-02-17,Unknown,27.73156862745098,1055.99,62.54545454545455,33,Unknown,Uttar Pradesh,MANDI046,PRIVATE
2026-02-18,Unknown,26.746808510638296,1227.35,64.76923076923077,33,Unknown,Punjab,MANDI017,PRIVATE
2026-02-18,Unknown,26.746808510638296,1227.35,64.76923076923077,33,Unknown,Haryana,MANDI032,PRIVATE
2026-02-18,Unknown,26.746808510638296,1227.35,64.76923076923077,33,Unknown,Haryana,MANDI039,APMC
2026-02-18,Unknown,26.746808510638296,1227.35,64.76923076923077,33,Unknown,Uttar Pradesh,MANDI046,PRIVATE
2026-02-19,Unknown,27.015666666666668,1324.55,63.241379310344826,36,Unknown,Punjab,MANDI017,PRIVATE
2026-02-19,Unknown,27.015666666666668,1324.55,63.241379310344826,36,Unknown,Haryana,MANDI032,PRIVATE
2026-02-19,Unknown,27.015666666666668,1324.55,63.241379310344826,36,Unknown,Haryana,MANDI039,APMC
2026-02-19,Unknown,27.015666666666668,1324.55,63.241379310344826,36,Unknown,Uttar Pradesh,MANDI046,PRIVATE
2026-02-20,Unknown,25.263333333333335,1136.75,65.1304347826087,32,Unknown,Punjab,MANDI017,PRIVATE
2026-02-20,Unknown,25.263333333333335,1136.75,65.1304347826087,32,Unknown,Haryana,MANDI032,PRIVATE
2026-02-20,Unknown,25.263333333333335,1136.75,65.1304347826087,32,Unknown,Haryana,MANDI039,APMC
2026-02-20,Unknown,25.263333333333335,1136.75,65.1304347826087,32,Unknown,Uttar Pradesh,MANDI046,PRIVATE
2026-02-21,Unknown,28.062833333333334,1456.77,64.84905660377359,33,Unknown,Punjab,MANDI017,PRIVATE
2026-02-21,Unknown,28.062833333333334,1456.77,64.84905660377359,33,Unknown,Haryana,MANDI032,PRIVATE
2026-02-21,Unknown,28.062833333333334,1456.77,64.84905660377359,33,Unknown,Haryana,MANDI039,APMC
2026-02-21,Unknown,28.062833333333334,1456.77,64.84905660377359,33,Unknown,Uttar Pradesh,MANDI046,PRIVATE
2026-02-22,Unknown,26.458703703703705,1275.41,70.41666666666667,35,Unknown,Punjab,MANDI017,PRIVATE
2026-02-22,Unknown,26.458703703703705,1275.41,70.41666666666667,35,Unknown,Haryana,MANDI032,PRIVATE
2026-02-22,Unknown,26.458703703703705,1275.41,70.41666666666667,35,Unknown,Haryana,MANDI039,APMC
2026-02-22,Unknown,26.458703703703705,1275.41,70.41666666666667,35,Unknown,Uttar Pradesh,MANDI046,PRIVATE
2026-02-23,Unknown,27.723728813559323,1298.97,62.31372549019608,37,Unknown,Punjab,MANDI017,PRIVATE
2026-02-23,Unknown,27.723728813559323,1298.97,62.31372549019608,37,Unknown,Haryana,MANDI032,PRIVATE
2026-02-23,Unknown,27.723728813559323,1298.97,62.31372549019608,37,Unknown,Haryana,MANDI039,APMC
2026-02-23,Unknown,27.723728813559323,1298.97,62.31372549019608,37,Unknown,Uttar Pradesh,MANDI046,PRIVATE
2026-02-24,Unknown,27.613015873015875,1429.4,67.69090909090909,36,Unknown,Punjab,MANDI017,PRIVATE
2026-02-24,Unknown,27.613015873015875,1429.4,67.69090909090909,36,Unknown,Haryana,MANDI032,PRIVATE
2026-02-24,Unknown,27.613015873015875,1429.4,67.69090909090909,36,Unknown,Haryana,MANDI039,APMC
2026-02-24,Unknown,27.613015873015875,1429.4,67.69090909090909,36,Unknown,Uttar Pradesh,MANDI046,PRIVATE
2026-02-25,Unknown,29.39808510638298,903.61,65.72727272727273,35,Unknown,Punjab,MANDI017,PRIVATE
2026-02-25,Unknown,29.39808510638298,903.61,65.72727272727273,35,Unknown,Haryana,MANDI032,PRIVATE
2026-02-25,Unknown,29.39808510638298,903.61,65.72727272727273,35,Unknown,Haryana,MANDI039,APMC
2026-02-25,Unknown,29.39808510638298,903.61,65.72727272727273,35,Unknown,Uttar Pradesh,MANDI046,PRIVATE
2026-02-26,Unknown,28.358305084745766,1532.61,62.0188679245283,33,Unknown,Punjab,MANDI017,PRIVATE
2026-02-26,Unknown,28.358305084745766,1532.61,62.0188679245283,33,Unknown,Haryana,MANDI032,PRIVATE
2026-02-26,Unknown,28.358305084745766,1532.61,62.0188679245283,33,Unknown,Haryana,MANDI039,APMC
2026-02-26,Unknown,28.358305084745766,1532.61,62.0188679245283,33,Unknown,Uttar Pradesh,MANDI046,PRIVATE
2026-02-27,Unknown,26.48453125,1559.8,65.98245614035088,37,Unknown,Punjab,MANDI017,PRIVATE
2026-02-27,Unknown,26.48453125,1559.8,65.98245614035088,37,Unknown,Haryana,MANDI032,PRIVATE
2026-02-27,Unknown,26.48453125,1559.8,65.98245614035088,37,Unknown,Haryana,MANDI039,APMC
2026-02-27,Unknown,26.48453125,1559.8,65.98245614035088,37,Unknown,Uttar Pradesh,MANDI046,PRIVATE
2026-02-28,Unknown,26.305857142857143,1687.47,60.516666666666666,34,Unknown,Punjab,MANDI017,PRIVATE
2026-02-28,Unknown,26.305857142857143,1687.47,60.516666666666666,34,Unknown,Haryana,MANDI032,PRIVATE
2026-02-28,Unknown,26.305857142857143,1687.47,60.516666666666666,34,Unknown,Haryana,MANDI039,APMC
2026-02-28,Unknown,26.305857142857143,1687.47,60.516666666666666,34,Unknown,Uttar Pradesh,MANDI046,PRIVATE
2026-03-01,Unknown,27.22741935483871,1434.96,59.56666666666667,33,Unknown,Punjab,MANDI017,PRIVATE
2026-03-01,Unknown,27.22741935483871,1434.96,59.56666666666667,33,Unknown,Haryana,MANDI032,PRIVATE
2026-03-01,Unknown,27.22741935483871,1434.96,59.56666666666667,33,Unknown,Haryana,MANDI039,APMC
2026-03-01,Unknown,27.22741935483871,1434.96,59.56666666666667,33,Unknown,Uttar Pradesh,MANDI046,PRIVATE
2026-03-02,Unknown,28.195573770491805,1405.4,63.271186440677965,36,Unknown,Punjab,MANDI017,PRIVATE
2026-03-02,Unknown,28.195573770491805,1405.4,63.271186440677965,36,Unknown,Haryana,MANDI032,PRIVATE
2026-03-02,Unknown,28.195573770491805,1405.4,63.271186440677965,36,Unknown,Haryana,MANDI039,APMC
2026-03-02,Unknown,28.195573770491805,1405.4,63.271186440677965,36,Unknown,Uttar Pradesh,MANDI046,PRIVATE
2026-03-03,Unknown,28.333214285714288,1207.69,60.26,34,Unknown,Punjab,MANDI017,PRIVATE
2026-03-03,Unknown,28.333214285714288,1207.69,60.26,34,Unknown,Haryana,MANDI032,PRIVATE
2026-03-03,Unknown,28.333214285714288,1207.69,60.26,34,Unknown,Haryana,MANDI039,APMC
2026-03-03,Unknown,28.333214285714288,1207.69,60.26,34,Unknown,Uttar Pradesh,MANDI046,PRIVATE
2026-03-04,Unknown,25.856346153846154,1127.53,58.020833333333336,31,Unknown,Punjab,MANDI017,PRIVATE
2026-03-04,Unknown,25.856346153846154,1127.53,58.020833333333336,31,Unknown,Haryana,MANDI032,PRIVATE
2026-03-04,Unknown,25.856346153846154,1127.53,58.020833333333336,31,Unknown,Haryana,MANDI039,APMC
2026-03-04,Unknown,25.856346153846154,1127.53,58.020833333333336,31,Unknown,Uttar Pradesh,MANDI046,PRIVATE
2026-03-05,Unknown,27.802857142857142,1451.37,66.55932203389831,36,Unknown,Punjab,MANDI017,PRIVATE
2026-03-05,Unknown,27.802857142857142,1451.37,66.55932203389831,36,Unknown,Haryana,MANDI032,PRIVATE
2026-03-05,Unknown,27.802857142857142,1451.37,66.55932203389831,36,Unknown,Haryana,MANDI039,APMC
2026-03-05,Unknown,27.802857142857142,1451.37,66.55932203389831,36,Unknown,Uttar Pradesh,MANDI046,PRIVATE
2026-03-06,Unknown,28.014375,1004.58,59.51162790697674,33,Unknown,Punjab,MANDI017,PRIVATE
2026-03-06,Unknown,28.014375,1004.58,59.51162790697674,33,Unknown,Haryana,MANDI032,PRIVATE
2026-03-06,Unknown,28.014375,1004.58,59.51162790697674,33,Unknown,Haryana,MANDI039,APMC
2026-03-06,Unknown,28.014375,1004.58,59.51162790697674,33,Unknown,Uttar Pradesh,MANDI046,PRIVATE
2026-03-07,Unknown,28.22984375,1397.64,59.98275862068966,37,Unknown,Punjab,MANDI017,PRIVATE
2026-03-07,Unknown,28.22984375,1397.64,59.98275862068966,37,Unknown,Haryana,MANDI032,PRIVATE
2026-03-07,Unknown,28.22984375,1397.64,59.98275862068966,37,Unknown,Haryana,MANDI039,APMC
2026-03-07,Unknown,28.22984375,1397.64,59.98275862068966,37,Unknown,Uttar Pradesh,MANDI046,PRIVATE
2026-03-08,Unknown,26.05017857142857,1380.95,62.94,37,Unknown,Punjab,MANDI017,PRIVATE
2026-03-08,Unknown,26.05017857142857,1380.95,62.94,37,Unknown,Haryana,MANDI032,PRIVATE
2026-03-08,Unknown,26.05017857142857,1380.95,62.94,37,Unknown,Haryana,MANDI039,APMC
2026-03-08,Unknown,26.05017857142857,1380.95,62.94,37,Unknown,Uttar Pradesh,MANDI046,PRIVATE
2026-03-09,Unknown,29.115111111111112,1110.76,58.06818181818182,32,Unknown,Punjab,MANDI017,PRIVATE
2026-03-09,Unknown,29.115111111111112,1110.76,58.06818181818182,32,Unknown,Haryana,MANDI032,PRIVATE
2026-03-09,Unknown,29.115111111111112,1110.76,58.06818181818182,32,Unknown,Haryana,MANDI039,APMC
2026-03-09,Unknown,29.115111111111112,1110.76,58.06818181818182,32,Unknown,Uttar Pradesh,MANDI046,PRIVATE
2026-03-10,Unknown,27.46611111111111,1231.43,63.55102040816327,35,Unknown,Punjab,MANDI017,PRIVATE
2026-03-10,Unknown,27.46611111111111,1231.43,63.55102040816327,35,Unknown,Haryana,MANDI032,PRIVATE
2026-03-10,Unknown,27.46611111111111,1231.43,63.55102040816327,35,Unknown,Haryana,MANDI039,APMC
2026-03-10,Unknown,27.46611111111111,1231.43,63.55102040816327,35,Unknown,Uttar Pradesh,MANDI046,PRIVATE
2026-03-11,Unknown,28.504444444444445,1465.94,63.516666666666666,39,Unknown,Punjab,MANDI017,PRIVATE
2026-03-11,Unknown,28.504444444444445,1465.94,63.516666666666666,39,Unknown,Haryana,MANDI032,PRIVATE
2026-03-11,Unknown,28.504444444444445,1465.94,63.516666666666666,39,Unknown,Haryana,MANDI039,APMC
2026-03-11,Unknown,28.504444444444445,1465.94,63.516666666666666,39,Unknown,Uttar Pradesh,MANDI046,PRIVATE
2026-03-12,Unknown,27.017241379310345,1410.02,59.79245283018868,31,Unknown,Punjab,MANDI017,PRIVATE
2026-03-12,Unknown,27.017241379310345,1410.02,59.79245283018868,31,Unknown,Haryana,MANDI032,PRIVATE
2026-03-12,Unknown,27.017241379310345,1410.02,59.79245283018868,31,Unknown,Haryana,MANDI039,APMC
2026-03-12,Unknown,27.017241379310345,1410.02,59.79245283018868,31,Unknown,Uttar Pradesh,MANDI046,PRIVATE
2026-03-13,Unknown,28.6565306122449,1114.8,60.23913043478261,27,Unknown,Punjab,MANDI017,PRIVATE
2026-03-13,Unknown,28.6565306122449,1114.8,60.23913043478261,27,Unknown,Haryana,MANDI032,PRIVATE
2026-03-13,Unknown,28.6565306122449,1114.8,60.23913043478261,27,Unknown,Haryana,MANDI039,APMC
2026-03-13,Unknown,28.6565306122449,1114.8,60.23913043478261,27,Unknown,Uttar Pradesh,MANDI046,PRIVATE
2026-03-14,Unknown,28.143414634146342,1094.81,62.22857142857143,29,Unknown,Punjab,MANDI017,PRIVATE
2026-03-14,Unknown,28.143414634146342,1094.81,62.22857142857143,29,Unknown,Haryana,MANDI032,PRIVATE
2026-03-14,Unknown,28.143414634146342,1094.81,62.22857142857143,29,Unknown,Haryana,MANDI039,APMC
2026-03-14,Unknown,28.143414634146342,1094.81,62.22857142857143,29,Unknown,Uttar Pradesh,MANDI046,PRIVATE
2026-03-15,Unknown,25.283035714285713,1456.21,64.33333333333333,37,Unknown,Punjab,MANDI017,PRIVATE
2026-03-15,Unknown,25.283035714285713,1456.21,64.33333333333333,37,Unknown,Haryana,MANDI032,PRIVATE
2026-03-15,Unknown,25.283035714285713,1456.21,64.33333333333333,37,Unknown,Haryana,MANDI039,APMC
2026-03-15,Unknown,25.283035714285713,1456.21,64.33333333333333,37,Unknown,Uttar Pradesh,MANDI046,PRIVATE
2026-03-16,Unknown,27.44173913043478,1230.88,61.348837209302324,32,Unknown,Punjab,MANDI017,PRIVATE
2026-03-16,Unknown,27.44173913043478,1230.88,61.348837209302324,32,Unknown,Haryana,MANDI032,PRIVATE
2026-03-16,Unknown,27.44173913043478,1230.88,61.348837209302324,32,Unknown,Haryana,MANDI039,APMC
2026-03-16,Unknown,27.44173913043478,1230.88,61.348837209302324,32,Unknown,Uttar Pradesh,MANDI046,PRIVATE
2026-03-17,Unknown,27.00396551724138,1357.61,61.23529411764706,35,Unknown,Punjab,MANDI017,PRIVATE
2026-03-17,Unknown,27.00396551724138,1357.61,61.23529411764706,35,Unknown,Haryana,MANDI032,PRIVATE
2026-03-17,Unknown,27.00396551724138,1357.61,61.23529411764706,35,Unknown,Haryana,MANDI039,APMC
2026-03-17,Unknown,27.00396551724138,1357.61,61.23529411764706,35,Unknown,Uttar Pradesh,MANDI046,PRIVATE
2026-03-18,Unknown,26.945098039215686,1192.75,67.20454545454545,33,Unknown,Punjab,MANDI017,PRIVATE
2026-03-18,Unknown,26.945098039215686,1192.75,67.20454545454545,33,Unknown,Haryana,MANDI032,PRIVATE
2026-03-18,Unknown,26.945098039215686,1192.75,67.20454545454545,33,Unknown,Haryana,MANDI039,APMC
2026-03-18,Unknown,26.945098039215686,1192.75,67.20454545454545,33,Unknown,Uttar Pradesh,MANDI046,PRIVATE
2026-03-19,Unknown,27.854444444444447,1352.41,64.3529411764706,33,Unknown,Punjab,MANDI017,PRIVATE
2026-03-19,Unknown,27.854444444444447,1352.41,64.3529411764706,33,Unknown,Haryana,MANDI032,PRIVATE
2026-03-19,Unknown,27.854444444444447,1352.41,64.3529411764706,33,Unknown,Haryana,MANDI039,APMC
2026-03-19,Unknown,27.854444444444447,1352.41,64.3529411764706,33,Unknown,Uttar Pradesh,MANDI046,PRIVATE
2026-03-20,Unknown,28.44980769230769,1220.93,58.645833333333336,36,Unknown,Punjab,MANDI017,PRIVATE
2026-03-20,Unknown,28.44980769230769,1220.93,58.645833333333336,36,Unknown,Haryana,MANDI032,PRIVATE
2026-03-20,Unknown,28.44980769230769,1220.93,58.645833333333336,36,Unknown,Haryana,MANDI039,APMC
2026-03-20,Unknown,28.44980769230769,1220.93,58.645833333333336,36,Unknown,Uttar Pradesh,MANDI046,PRIVATE
2026-03-21,Unknown,30.07658536585366,773.97,56.65714285714286,27,Unknown,Punjab,MANDI017,PRIVATE
2026-03-21,Unknown,30.07658536585366,773.97,56.65714285714286,27,Unknown,Haryana,MANDI032,PRIVATE
2026-03-21,Unknown,30.07658536585366,773.97,56.65714285714286,27,Unknown,Haryana,MANDI039,APMC
2026-03-21,Unknown,30.07658536585366,773.97,56.65714285714286,27,Unknown,Uttar Pradesh,MANDI046,PRIVATE
2026-03-22,Unknown,26.946862745098038,1211.15,64.19565217391305,34,Unknown,Punjab,MANDI017,PRIVATE
2026-03-22,Unknown,26.946862745098038,1211.15,64.19565217391305,34,Unknown,Haryana,MANDI032,PRIVATE
2026-03-22,Unknown,26.946862745098038,1211.15,64.19565217391305,34,Unknown,Haryana,MANDI039,APMC
2026-03-22,Unknown,26.946862745098038,1211.15,64.19565217391305,34,Unknown,Uttar Pradesh,MANDI046,PRIVATE
2026-03-23,Unknown,26.639433962264153,1092.4,64.5,34,Unknown,Punjab,MANDI017,PRIVATE
2026-03-23,Unknown,26.639433962264153,1092.4,64.5,34,Unknown,Haryana,MANDI032,PRIVATE
2026-03-23,Unknown,26.639433962264153,1092.4,64.5,34,Unknown,Haryana,MANDI039,APMC
2026-03-23,Unknown,26.639433962264153,1092.4,64.5,34,Unknown,Uttar Pradesh,MANDI046,PRIVATE
2026-03-24,Unknown,27.41982456140351,1247.66,62.22222222222222,36,Unknown,Punjab,MANDI017,PRIVATE
2026-03-24,Unknown,27.41982456140351,1247.66,62.22222222222222,36,Unknown,Haryana,MANDI032,PRIVATE
2026-03-24,Unknown,27.41982456140351,1247.66,62.22222222222222,36,Unknown,Haryana,MANDI039,APMC
2026-03-24,Unknown,27.41982456140351,1247.66,62.22222222222222,36,Unknown,Uttar Pradesh,MANDI046,PRIVATE
2026-03-25,Unknown,27.61520833333333,1352.22,62.45454545454545,35,Unknown,Punjab,MANDI017,PRIVATE
2026-03-25,Unknown,27.61520833333333,1352.22,62.45454545454545,35,Unknown,Haryana,MANDI032,PRIVATE
2026-03-25,Unknown,27.61520833333333,1352.22,62.45454545454545,35,Unknown,Haryana,MANDI039,APMC
2026-03-25,Unknown,27.61520833333333,1352.22,62.45454545454545,35,Unknown,Uttar Pradesh,MANDI046,PRIVATE
2026-03-26,Unknown,27.779811320754714,1396.64,60.5531914893617,32,Unknown,Punjab,MANDI017,PRIVATE
2026-03-26,Unknown,27.779811320754714,1396.64,60.5531914893617,32,Unknown,Haryana,MANDI032,PRIVATE
2026-03-26,Unknown,27.779811320754714,1396.64,60.5531914893617,32,Unknown,Haryana,MANDI039,APMC
2026-03-26,Unknown,27.779811320754714,1396.64,60.5531914893617,32,Unknown,Uttar Pradesh,MANDI046,PRIVATE
2026-03-27,Unknown,27.25406779661017,1353.67,63.49090909090909,38,Unknown,Punjab,MANDI017,PRIVATE
2026-03-27,Unknown,27.25406779661017,1353.67,63.49090909090909,38,Unknown,Haryana,MANDI032,PRIVATE
2026-03-27,Unknown,27.25406779661017,1353.67,63.49090909090909,38,Unknown,Haryana,MANDI039,APMC
2026-03-27,Unknown,27.25406779661017,1353.67,63.49090909090909,38,Unknown,Uttar Pradesh,MANDI046,PRIVATE
2026-03-28,Unknown,27.677777777777777,1451.72,65.14285714285714,38,Unknown,Punjab,MANDI017,PRIVATE
2026-03-28,Unknown,27.677777777777777,1451.72,65.14285714285714,38,Unknown,Haryana,MANDI032,PRIVATE
2026-03-28,Unknown,27.677777777777777,1451.72,65.14285714285714,38,Unknown,Haryana,MANDI039,APMC
2026-03-28,Unknown,27.677777777777777,1451.72,65.14285714285714,38,Unknown,Uttar Pradesh,MANDI046,PRIVATE
2026-03-29,Unknown,27.604545454545455,1388.1,66.09615384615384,33,Unknown,Punjab,MANDI017,PRIVATE
2026-03-29,Unknown,27.604545454545455,1388.1,66.09615384615384,33,Unknown,Haryana,MANDI032,PRIVATE
2026-03-29,Unknown,27.604545454545455,1388.1,66.09615384615384,33,Unknown,Haryana,MANDI039,APMC
2026-03-29,Unknown,27.604545454545455,1388.1,66.09615384615384,33,Unknown,Uttar Pradesh,MANDI046,PRIVATE
2026-03-30,Unknown,27.762291666666666,1140.82,66.14285714285714,31,Unknown,Punjab,MANDI017,PRIVATE
2026-03-30,Unknown,27.762291666666666,1140.82,66.14285714285714,31,Unknown,Haryana,MANDI032,PRIVATE
2026-03-30,Unknown,27.762291666666666,1140.82,66.14285714285714,31,Unknown,Haryana,MANDI039,APMC
2026-03-30,Unknown,27.762291666666666,1140.82,66.14285714285714,31,Unknown,Uttar Pradesh,MANDI046,PRIVATE
2026-03-31,Unknown,29.909444444444446,1223.43,57.1875,36,Unknown,Punjab,MANDI017,PRIVATE
2026-03-31,Unknown,29.909444444444446,1223.43,57.1875,36,Unknown,Haryana,MANDI032,PRIVATE
2026-03-31,Unknown,29.909444444444446,1223.43,57.1875,36,Unknown,Haryana,MANDI039,APMC
2026-03-31,Unknown,29.909444444444446,1223.43,57.1875,36,Unknown,Uttar Pradesh,MANDI046,PRIVATE
2026-04-01,Unknown,25.805636363636363,1252.64,58.93877551020408,32,Unknown,Punjab,MANDI017,PRIVATE
2026-04-01,Unknown,25.805636363636363,1252.64,58.93877551020408,32,Unknown,Haryana,MANDI032,PRIVATE
2026-04-01,Unknown,25.805636363636363,1252.64,58.93877551020408,32,Unknown,Haryana,MANDI039,APMC
2026-04-01,Unknown,25.805636363636363,1252.64,58.93877551020408,32,Unknown,Uttar Pradesh,MANDI046,PRIVATE
2026-04-02,Unknown,27.229583333333334,958.98,66.8936170212766,32,Unknown,Punjab,MANDI017,PRIVATE
2026-04-02,Unknown,27.229583333333334,958.98,66.8936170212766,32,Unknown,Haryana,MANDI032,PRIVATE
2026-04-02,Unknown,27.229583333333334,958.98,66.8936170212766,32,Unknown,Haryana,MANDI039,APMC
2026-04-02,Unknown,27.229583333333334,958.98,66.8936170212766,32,Unknown,Uttar Pradesh,MANDI046,PRIVATE
2026-04-03,Unknown,27.7003125,1365.02,64.7,34,Unknown,Punjab,MANDI017,PRIVATE
2026-04-03,Unknown,27.7003125,1365.02,64.7,34,Unknown,Haryana,MANDI032,PRIVATE
2026-04-03,Unknown,27.7003125,1365.02,64.7,34,Unknown,Haryana,MANDI039,APMC
2026-04-03,Unknown,27.7003125,1365.02,64.7,34,Unknown,Uttar Pradesh,MANDI046,PRIVATE
2026-04-04,Unknown,27.533898305084747,1285.03,61.43396226415094,35,Unknown,Punjab,MANDI017,PRIVATE
2026-04-04,Unknown,27.533898305084747,1285.03,61.43396226415094,35,Unknown,Haryana,MANDI032,PRIVATE
2026-04-04,Unknown,27.533898305084747,1285.03,61.43396226415094,35,Unknown,Haryana,MANDI039,APMC
2026-04-04,Unknown,27.533898305084747,1285.03,61.43396226415094,35,Unknown,Uttar Pradesh,MANDI046,PRIVATE
2026-04-05,Unknown,29.32137931034483,1364.32,62.244897959183675,34,Unknown,Punjab,MANDI017,PRIVATE
2026-04-05,Unknown,29.32137931034483,1364.32,62.244897959183675,34,Unknown,Haryana,MANDI032,PRIVATE
2026-04-05,Unknown,29.32137931034483,1364.32,62.244897959183675,34,Unknown,Haryana,MANDI039,APMC
2026-04-05,Unknown,29.32137931034483,1364.32,62.244897959183675,34,Unknown,Uttar Pradesh,MANDI046,PRIVATE
2026-04-06,Unknown,26.878125,1010.5,67.63636363636364,31,Unknown,Punjab,MANDI017,PRIVATE
2026-04-06,Unknown,26.878125,1010.5,67.63636363636364,31,Unknown,Haryana,MANDI032,PRIVATE
2026-04-06,Unknown,26.878125,1010.5,67.63636363636364,31,Unknown,Haryana,MANDI039,APMC
2026-04-06,Unknown,26.878125,1010.5,67.63636363636364,31,Unknown,Uttar Pradesh,MANDI046,PRIVATE
2026-04-07,Unknown,25.66390625,1570.44,63.62068965517241,39,Unknown,Punjab,MANDI017,PRIVATE
2026-04-07,Unknown,25.66390625,1570.44,63.62068965517241,39,Unknown,Haryana,MANDI032,PRIVATE
2026-04-07,Unknown,25.66390625,1570.44,63.62068965517241,39,Unknown,Haryana,MANDI039,APMC
2026-04-07,Unknown,25.66390625,1570.44,63.62068965517241,39,Unknown,Uttar Pradesh,MANDI046,PRIVATE
2026-04-08,Unknown,27.88542372881356,1516.16,62.388888888888886,34,Unknown,Punjab,MANDI017,PRIVATE
2026-04-08,Unknown,27.88542372881356,1516.16,62.388888888888886,34,Unknown,Haryana,MANDI032,PRIVATE
2026-04-08,Unknown,27.88542372881356,1516.16,62.388888888888886,34,Unknown,Haryana,MANDI039,APMC
2026-04-08,Unknown,27.88542372881356,1516.16,62.388888888888886,34,Unknown,Uttar Pradesh,MANDI046,PRIVATE
2026-04-09,Unknown,26.836721311475408,1490.52,67.0,33,Unknown,Punjab,MANDI017,PRIVATE
2026-04-09,Unknown,26.836721311475408,1490.52,67.0,33,Unknown,Haryana,MANDI032,PRIVATE
2026-04-09,Unknown,26.836721311475408,1490.52,67.0,33,Unknown,Haryana,MANDI039,APMC
2026-04-09,Unknown,26.836721311475408,1490.52,67.0,33,Unknown,Uttar Pradesh,MANDI046,PRIVATE
2026-04-10,Unknown,26.8962962962963,1255.67,66.5625,32,Unknown,Punjab,MANDI017,PRIVATE
2026-04-10,Unknown,26.8962962962963,1255.67,66.5625,32,Unknown,Haryana,MANDI032,PRIVATE
2026-04-10,Unknown,26.8962962962963,1255.67,66.5625,32,Unknown,Haryana,MANDI039,APMC
2026-04-10,Unknown,26.8962962962963,1255.67,66.5625,32,Unknown,Uttar Pradesh,MANDI046,PRIVATE
2026-04-11,Unknown,26.69813559322034,1479.13,62.56603773584906,33,Unknown,Punjab,MANDI017,PRIVATE
2026-04-11,Unknown,26.69813559322034,1479.13,62.56603773584906,33,Unknown,Haryana,MANDI032,PRIVATE
2026-04-11,Unknown,26.69813559322034,1479.13,62.56603773584906,33,Unknown,Haryana,MANDI039,APMC
2026-04-11,Unknown,26.69813559322034,1479.13,62.56603773584906,33,Unknown,Uttar Pradesh,MANDI046,PRIVATE
2026-04-12,Unknown,28.91977777777778,971.22,65.6829268292683,30,Unknown,Punjab,MANDI017,PRIVATE
2026-04-12,Unknown,28.91977777777778,971.22,65.6829268292683,30,Unknown,Haryana,MANDI032,PRIVATE
2026-04-12,Unknown,28.91977777777778,971.22,65.6829268292683,30,Unknown,Haryana,MANDI039,APMC
2026-04-12,Unknown,28.91977777777778,971.22,65.6829268292683,30,Unknown,Uttar Pradesh,MANDI046,PRIVATE
2026-04-13,Unknown,27.50720588235294,1689.58,59.61290322580645,38,Unknown,Punjab,MANDI017,PRIVATE
2026-04-13,Unknown,27.50720588235294,1689.58,59.61290322580645,38,Unknown,Haryana,MANDI032,PRIVATE
2026-04-13,Unknown,27.50720588235294,1689.58,59.61290322580645,38,Unknown,Haryana,MANDI039,APMC
2026-04-13,Unknown,27.50720588235294,1689.58,59.61290322580645,38,Unknown,Uttar Pradesh,MANDI046,PRIVATE
2026-04-14,Unknown,26.981355932203392,1361.77,59.25925925925926,34,Unknown,Punjab,MANDI017,PRIVATE
2026-04-14,Unknown,26.981355932203392,1361.77,59.25925925925926,34,Unknown,Haryana,MANDI032,PRIVATE
2026-04-14,Unknown,26.981355932203392,1361.77,59.25925925925926,34,Unknown,Haryana,MANDI039,APMC
2026-04-14,Unknown,26.981355932203392,1361.77,59.25925925925926,34,Unknown,Uttar Pradesh,MANDI046,PRIVATE
2026-04-15,Unknown,27.723061224489797,1192.05,59.91489361702128,30,Unknown,Punjab,MANDI017,PRIVATE
2026-04-15,Unknown,27.723061224489797,1192.05,59.91489361702128,30,Unknown,Haryana,MANDI032,PRIVATE
2026-04-15,Unknown,27.723061224489797,1192.05,59.91489361702128,30,Unknown,Haryana,MANDI039,APMC
2026-04-15,Unknown,27.723061224489797,1192.05,59.91489361702128,30,Unknown,Uttar Pradesh,MANDI046,PRIVATE
2026-04-16,Unknown,26.627959183673468,1201.54,60.71111111111111,35,Unknown,Punjab,MANDI017,PRIVATE
2026-04-16,Unknown,26.627959183673468,1201.54,60.71111111111111,35,Unknown,Haryana,MANDI032,PRIVATE
2026-04-16,Unknown,26.627959183673468,1201.54,60.71111111111111,35,Unknown,Haryana,MANDI039,APMC
2026-04-16,Unknown,26.627959183673468,1201.54,60.71111111111111,35,Unknown,Uttar Pradesh,MANDI046,PRIVATE
2026-04-17,Unknown,26.686,1348.24,64.44186046511628,29,Unknown,Punjab,MANDI017,PRIVATE
2026-04-17,Unknown,26.686,1348.24,64.44186046511628,29,Unknown,Haryana,MANDI032,PRIVATE
2026-04-17,Unknown,26.686,1348.24,64.44186046511628,29,Unknown,Haryana,MANDI039,APMC
2026-04-17,Unknown,26.686,1348.24,64.44186046511628,29,Unknown,Uttar Pradesh,MANDI046,PRIVATE
2026-04-18,Unknown,28.659166666666668,1045.91,59.725,31,Unknown,Punjab,MANDI017,PRIVATE
2026-04-18,Unknown,28.659166666666668,1045.91,59.725,31,Unknown,Haryana,MANDI032,PRIVATE
2026-04-18,Unknown,28.659166666666668,1045.91,59.725,31,Unknown,Haryana,MANDI039,APMC
2026-04-18,Unknown,28.659166666666668,1045.91,59.725,31,Unknown,Uttar Pradesh,MANDI046,PRIVATE
2026-04-19,Unknown,27.4934,1210.33,56.76086956521739,32,Unknown,Punjab,MANDI017,PRIVATE
2026-04-19,Unknown,27.4934,1210.33,56.76086956521739,32,Unknown,Haryana,MANDI032,PRIVATE
2026-04-19,Unknown,27.4934,1210.33,56.76086956521739,32,Unknown,Haryana,MANDI039,APMC
2026-04-19,Unknown,27.4934,1210.33,56.76086956521739,32,Unknown,Uttar Pradesh,MANDI046,PRIVATE
2026-04-20,Unknown,26.962083333333336,1053.21,61.18181818181818,29,Unknown,Punjab,MANDI017,PRIVATE
2026-04-20,Unknown,26.962083333333336,1053.21,61.18181818181818,29,Unknown,Haryana,MANDI032,PRIVATE
2026-04-20,Unknown,26.962083333333336,1053.21,61.18181818181818,29,Unknown,Haryana,MANDI039,APMC
2026-04-20,Unknown,26.962083333333336,1053.21,61.18181818181818,29,Unknown,Uttar Pradesh,MANDI046,PRIVATE
2026-04-21,Unknown,26.989166666666666,1120.67,60.34146341463415,33,Unknown,Punjab,MANDI017,PRIVATE
2026-04-21,Unknown,26.989166666666666,1120.67,60.34146341463415,33,Unknown,Haryana,MANDI032,PRIVATE
2026-04-21,Unknown,26.989166666666666,1120.67,60.34146341463415,33,Unknown,Haryana,MANDI039,APMC
2026-04-21,Unknown,26.989166666666666,1120.67,60.34146341463415,33,Unknown,Uttar Pradesh,MANDI046,PRIVATE
2026-04-22,Unknown,27.784423076923076,1220.75,63.883720930232556,38,Unknown,Punjab,MANDI017,PRIVATE
2026-04-22,Unknown,27.784423076923076,1220.75,63.883720930232556,38,Unknown,Haryana,MANDI032,PRIVATE
2026-04-22,Unknown,27.784423076923076,1220.75,63.883720930232556,38,Unknown,Haryana,MANDI039,APMC
2026-04-22,Unknown,27.784423076923076,1220.75,63.883720930232556,38,Unknown,Uttar Pradesh,MANDI046,PRIVATE
2026-04-23,Unknown,27.505499999999998,1324.57,63.113207547169814,36,Unknown,Punjab,MANDI017,PRIVATE
2026-04-23,Unknown,27.505499999999998,1324.57,63.113207547169814,36,Unknown,Haryana,MANDI032,PRIVATE
2026-04-23,Unknown,27.505499999999998,1324.57,63.113207547169814,36,Unknown,Haryana,MANDI039,APMC
2026-04-23,Unknown,27.505499999999998,1324.57,63.113207547169814,36,Unknown,Uttar Pradesh,MANDI046,PRIVATE
2026-04-24,Unknown,26.239636363636365,1294.06,69.06818181818181,36,Unknown,Punjab,MANDI017,PRIVATE
2026-04-24,Unknown,26.239636363636365,1294.06,69.06818181818181,36,Unknown,Haryana,MANDI032,PRIVATE
2026-04-24,Unknown,26.239636363636365,1294.06,69.06818181818181,36,Unknown,Haryana,MANDI039,APMC
2026-04-24,Unknown,26.239636363636365,1294.06,69.06818181818181,36,Unknown,Uttar Pradesh,MANDI046,PRIVATE
2026-04-25,Unknown,28.543695652173913,1124.47,63.34146341463415,31,Unknown,Punjab,MANDI017,PRIVATE
2026-04-25,Unknown,28.543695652173913,1124.47,63.34146341463415,31,Unknown,Haryana,MANDI032,PRIVATE
2026-04-25,Unknown,28.543695652173913,1124.47,63.34146341463415,31,Unknown,Haryana,MANDI039,APMC
2026-04-25,Unknown,28.543695652173913,1124.47,63.34146341463415,31,Unknown,Uttar Pradesh,MANDI046,PRIVATE
2026-04-26,Unknown,28.249850746268656,1803.96,62.10526315789474,39,Unknown,Punjab,MANDI017,PRIVATE
2026-04-26,Unknown,28.249850746268656,1803.96,62.10526315789474,39,Unknown,Haryana,MANDI032,PRIVATE
2026-04-26,Unknown,28.249850746268656,1803.96,62.10526315789474,39,Unknown,Haryana,MANDI039,APMC
2026-04-26,Unknown,28.249850746268656,1803.96,62.10526315789474,39,Unknown,Uttar Pradesh,MANDI046,PRIVATE
2026-04-27,Unknown,25.77957446808511,938.91,59.375,36,Unknown,Punjab,MANDI017,PRIVATE
2026-04-27,Unknown,25.77957446808511,938.91,59.375,36,Unknown,Haryana,MANDI032,PRIVATE
2026-04-27,Unknown,25.77957446808511,938.91,59.375,36,Unknown,Haryana,MANDI039,APMC
2026-04-27,Unknown,25.77957446808511,938.91,59.375,36,Unknown,Uttar Pradesh,MANDI046,PRIVATE
2026-04-28,Unknown,27.176199999999998,1039.28,62.77272727272727,30,Unknown,Punjab,MANDI017,PRIVATE
2026-04-28,Unknown,27.176199999999998,1039.28,62.77272727272727,30,Unknown,Haryana,MANDI032,PRIVATE
2026-04-28,Unknown,27.176199999999998,1039.28,62.77272727272727,30,Unknown,Haryana,MANDI039,APMC
2026-04-28,Unknown,27.176199999999998,1039.28,62.77272727272727,30,Unknown,Uttar Pradesh,MANDI046,PRIVATE
2026-04-29,Unknown,29.130196078431375,1246.52,60.93333333333333,32,Unknown,Punjab,MANDI017,PRIVATE
2026-04-29,Unknown,29.130196078431375,1246.52,60.93333333333333,32,Unknown,Haryana,MANDI032,PRIVATE
2026-04-29,Unknown,29.130196078431375,1246.52,60.93333333333333,32,Unknown,Haryana,MANDI039,APMC
2026-04-29,Unknown,29.130196078431375,1246.52,60.93333333333333,32,Unknown,Uttar Pradesh,MANDI046,PRIVATE
2026-04-30,Unknown,27.1475,1242.31,67.57777777777778,29,Unknown,Punjab,MANDI017,PRIVATE
2026-04-30,Unknown,27.1475,1242.31,67.57777777777778,29,Unknown,Haryana,MANDI032,PRIVATE
2026-04-30,Unknown,27.1475,1242.31,67.57777777777778,29,Unknown,Haryana,MANDI039,APMC
2026-04-30,Unknown,27.1475,1242.31,67.57777777777778,29,Unknown,Uttar Pradesh,MANDI046,PRIVATE
2026-05-01,Unknown,27.515555555555554,1278.97,56.142857142857146,35,Unknown,Punjab,MANDI017,PRIVATE
2026-05-01,Unknown,27.515555555555554,1278.97,56.142857142857146,35,Unknown,Haryana,MANDI032,PRIVATE
2026-05-01,Unknown,27.515555555555554,1278.97,56.142857142857146,35,Unknown,Haryana,MANDI039,APMC
2026-05-01,Unknown,27.515555555555554,1278.97,56.142857142857146,35,Unknown,Uttar Pradesh,MANDI046,PRIVATE
2026-05-02,Unknown,28.972857142857144,1159.0,59.64150943396226,34,Unknown,Punjab,MANDI017,PRIVATE
2026-05-02,Unknown,28.972857142857144,1159.0,59.64150943396226,34,Unknown,Haryana,MANDI032,PRIVATE
2026-05-02,Unknown,28.972857142857144,1159.0,59.64150943396226,34,Unknown,Haryana,MANDI039,APMC
2026-05-02,Unknown,28.972857142857144,1159.0,59.64150943396226,34,Unknown,Uttar Pradesh,MANDI046,PRIVATE
2026-05-03,Unknown,27.214255319148936,1189.68,61.69767441860465,32,Unknown,Punjab,MANDI017,PRIVATE
2026-05-03,Unknown,27.214255319148936,1189.68,61.69767441860465,32,Unknown,Haryana,MANDI032,PRIVATE
2026-05-03,Unknown,27.214255319148936,1189.68,61.69767441860465,32,Unknown,Haryana,MANDI039,APMC
2026-05-03,Unknown,27.214255319148936,1189.68,61.69767441860465,32,Unknown,Uttar Pradesh,MANDI046,PRIVATE
2026-05-04,Unknown,26.670925925925925,1503.29,61.490196078431374,29,Unknown,Punjab,MANDI017,PRIVATE
2026-05-04,Unknown,26.670925925925925,1503.29,61.490196078431374,29,Unknown,Haryana,MANDI032,PRIVATE
2026-05-04,Unknown,26.670925925925925,1503.29,61.490196078431374,29,Unknown,Haryana,MANDI039,APMC
2026-05-04,Unknown,26.670925925925925,1503.29,61.490196078431374,29,Unknown,Uttar Pradesh,MANDI046,PRIVATE
2026-05-05,Unknown,26.78482142857143,1209.95,61.7,36,Unknown,Punjab,MANDI017,PRIVATE
2026-05-05,Unknown,26.78482142857143,1209.95,61.7,36,Unknown,Haryana,MANDI032,PRIVATE
2026-05-05,Unknown,26.78482142857143,1209.95,61.7,36,Unknown,Haryana,MANDI039,APMC
2026-05-05,Unknown,26.78482142857143,1209.95,61.7,36,Unknown,Uttar Pradesh,MANDI046,PRIVATE
2026-05-06,Unknown,27.19326923076923,1292.93,64.63636363636364,32,Unknown,Punjab,MANDI017,PRIVATE
2026-05-06,Unknown,27.19326923076923,1292.93,64.63636363636364,32,Unknown,Haryana,MANDI032,PRIVATE
2026-05-06,Unknown,27.19326923076923,1292.93,64.63636363636364,32,Unknown,Haryana,MANDI039,APMC
2026-05-06,Unknown,27.19326923076923,1292.93,64.63636363636364,32,Unknown,Uttar Pradesh,MANDI046,PRIVATE
2026-05-07,Unknown,27.540714285714284,1448.8,63.57142857142857,40,Unknown,Punjab,MANDI017,PRIVATE
2026-05-07,Unknown,27.540714285714284,1448.8,63.57142857142857,40,Unknown,Haryana,MANDI032,PRIVATE
2026-05-07,Unknown,27.540714285714284,1448.8,63.57142857142857,40,Unknown,Haryana,MANDI039,APMC
2026-05-07,Unknown,27.540714285714284,1448.8,63.57142857142857,40,Unknown,Uttar Pradesh,MANDI046,PRIVATE
2026-05-08,Unknown,28.770892857142858,1170.37,59.81481481481482,31,Unknown,Punjab,MANDI017,PRIVATE
2026-05-08,Unknown,28.770892857142858,1170.37,59.81481481481482,31,Unknown,Haryana,MANDI032,PRIVATE
2026-05-08,Unknown,28.770892857142858,1170.37,59.81481481481482,31,Unknown,Haryana,MANDI039,APMC
2026-05-08,Unknown,28.770892857142858,1170.37,59.81481481481482,31,Unknown,Uttar Pradesh,MANDI046,PRIVATE
2026-05-09,Unknown,26.863333333333333,1300.56,63.979166666666664,33,Unknown,Punjab,MANDI017,PRIVATE
2026-05-09,Unknown,26.863333333333333,1300.56,63.979166666666664,33,Unknown,Haryana,MANDI032,PRIVATE
2026-05-09,Unknown,26.863333333333333,1300.56,63.979166666666664,33,Unknown,Haryana,MANDI039,APMC
2026-05-09,Unknown,26.863333333333333,1300.56,63.979166666666664,33,Unknown,Uttar Pradesh,MANDI046,PRIVATE
2026-05-10,Unknown,28.2014,1374.31,63.5625,31,Unknown,Punjab,MANDI017,PRIVATE
2026-05-10,Unknown,28.2014,1374.31,63.5625,31,Unknown,Haryana,MANDI032,PRIVATE
2026-05-10,Unknown,28.2014,1374.31,63.5625,31,Unknown,Haryana,MANDI039,APMC
2026-05-10,Unknown,28.2014,1374.31,63.5625,31,Unknown,Uttar Pradesh,MANDI046,PRIVATE
2026-05-11,Unknown,27.808222222222224,1093.98,61.26190476190476,34,Unknown,Punjab,MANDI017,PRIVATE
2026-05-11,Unknown,27.808222222222224,1093.98,61.26190476190476,34,Unknown,Haryana,MANDI032,PRIVATE
2026-05-11,Unknown,27.808222222222224,1093.98,61.26190476190476,34,Unknown,Haryana,MANDI039,APMC
2026-05-11,Unknown,27.808222222222224,1093.98,61.26190476190476,34,Unknown,Uttar Pradesh,MANDI046,PRIVATE
2026-05-12,Unknown,27.418085106382982,1102.77,60.116279069767444,28,Unknown,Punjab,MANDI017,PRIVATE
2026-05-12,Unknown,27.418085106382982,1102.77,60.116279069767444,28,Unknown,Haryana,MANDI032,PRIVATE
2026-05-12,Unknown,27.418085106382982,1102.77,60.116279069767444,28,Unknown,Haryana,MANDI039,APMC
2026-05-12,Unknown,27.418085106382982,1102.77,60.116279069767444,28,Unknown,Uttar Pradesh,MANDI046,PRIVATE
2026-05-13,Unknown,28.592195121951217,814.51,58.36842105263158,30,Unknown,Punjab,MANDI017,PRIVATE
2026-05-13,Unknown,28.592195121951217,814.51,58.36842105263158,30,Unknown,Haryana,MANDI032,PRIVATE
2026-05-13,Unknown,28.592195121951217,814.51,58.36842105263158,30,Unknown,Haryana,MANDI039,APMC
2026-05-13,Unknown,28.592195121951217,814.51,58.36842105263158,30,Unknown,Uttar Pradesh,MANDI046,PRIVATE
2026-05-14,Unknown,27.148867924528304,1272.72,59.78260869565217,31,Unknown,Punjab,MANDI017,PRIVATE
2026-05-14,Unknown,27.148867924528304,1272.72,59.78260869565217,31,Unknown,Haryana,MANDI032,PRIVATE
2026-05-14,Unknown,27.148867924528304,1272.72,59.78260869565217,31,Unknown,Haryana,MANDI039,APMC
2026-05-14,Unknown,27.148867924528304,1272.72,59.78260869565217,31,Unknown,Uttar Pradesh,MANDI046,PRIVATE
2026-05-15,Unknown,27.99581818181818,1275.59,59.76,39,Unknown,Punjab,MANDI017,PRIVATE
2026-05-15,Unknown,27.99581818181818,1275.59,59.76,39,Unknown,Haryana,MANDI032,PRIVATE
2026-05-15,Unknown,27.99581818181818,1275.59,59.76,39,Unknown,Haryana,MANDI039,APMC
2026-05-15,Unknown,27.99581818181818,1275.59,59.76,39,Unknown,Uttar Pradesh,MANDI046,PRIVATE
2026-05-16,Unknown,28.180172413793105,1222.22,58.94117647058823,35,Unknown,Punjab,MANDI017,PRIVATE
2026-05-16,Unknown,28.180172413793105,1222.22,58.94117647058823,35,Unknown,Haryana,MANDI032,PRIVATE
2026-05-16,Unknown,28.180172413793105,1222.22,58.94117647058823,35,Unknown,Haryana,MANDI039,APMC
2026-05-16,Unknown,28.180172413793105,1222.22,58.94117647058823,35,Unknown,Uttar Pradesh,MANDI046,PRIVATE
2026-05-17,Unknown,27.049285714285713,1372.8799999999999,64.9,36,Unknown,Punjab,MANDI017,PRIVATE
2026-05-17,Unknown,27.049285714285713,1372.8799999999999,64.9,36,Unknown,Haryana,MANDI032,PRIVATE
2026-05-17,Unknown,27.049285714285713,1372.8799999999999,64.9,36,Unknown,Haryana,MANDI039,APMC
2026-05-17,Unknown,27.049285714285713,1372.8799999999999,64.9,36,Unknown,Uttar Pradesh,MANDI046,PRIVATE
2026-05-18,Unknown,26.728888888888893,1481.02,66.26,32,Unknown,Punjab,MANDI017,PRIVATE
2026-05-18,Unknown,26.728888888888893,1481.02,66.26,32,Unknown,Haryana,MANDI032,PRIVATE
2026-05-18,Unknown,26.728888888888893,1481.02,66.26,32,Unknown,Haryana,MANDI039,APMC
2026-05-18,Unknown,26.728888888888893,1481.02,66.26,32,Unknown,Uttar Pradesh,MANDI046,PRIVATE
2026-05-19,Unknown,28.78441860465116,1025.23,64.4,33,Unknown,Punjab,MANDI017,PRIVATE
2026-05-19,Unknown,28.78441860465116,1025.23,64.4,33,Unknown,Haryana,MANDI032,PRIVATE
2026-05-19,Unknown,28.78441860465116,1025.23,64.4,33,Unknown,Haryana,MANDI039,APMC
2026-05-19,Unknown,28.78441860465116,1025.23,64.4,33,Unknown,Uttar Pradesh,MANDI046,PRIVATE
2026-05-20,Unknown,27.552285714285716,807.23,60.42424242424242,23,Unknown,Punjab,MANDI017,PRIVATE
2026-05-20,Unknown,27.552285714285716,807.23,60.42424242424242,23,Unknown,Haryana,MANDI032,PRIVATE
2026-05-20,Unknown,27.552285714285716,807.23,60.42424242424242,23,Unknown,Haryana,MANDI039,APMC
2026-05-20,Unknown,27.552285714285716,807.23,60.42424242424242,23,Unknown,Uttar Pradesh,MANDI046,PRIVATE
2026-05-21,Unknown,26.892307692307693,1303.89,68.0,29,Unknown,Punjab,MANDI017,PRIVATE
2026-05-21,Unknown,26.892307692307693,1303.89,68.0,29,Unknown,Haryana,MANDI032,PRIVATE
2026-05-21,Unknown,26.892307692307693,1303.89,68.0,29,Unknown,Haryana,MANDI039,APMC
2026-05-21,Unknown,26.892307692307693,1303.89,68.0,29,Unknown,Uttar Pradesh,MANDI046,PRIVATE
2026-05-22,Unknown,26.428695652173914,1103.27,73.53846153846153,30,Unknown,Punjab,MANDI017,PRIVATE
2026-05-22,Unknown,26.428695652173914,1103.27,73.53846153846153,30,Unknown,Haryana,MANDI032,PRIVATE
2026-05-22,Unknown,26.428695652173914,1103.27,73.53846153846153,30,Unknown,Haryana,MANDI039,APMC
2026-05-22,Unknown,26.428695652173914,1103.27,73.53846153846153,30,Unknown,Uttar Pradesh,MANDI046,PRIVATE
2026-05-23,Unknown,28.29566037735849,1439.37,62.0,30,Unknown,Punjab,MANDI017,PRIVATE
2026-05-23,Unknown,28.29566037735849,1439.37,62.0,30,Unknown,Haryana,MANDI032,PRIVATE
2026-05-23,Unknown,28.29566037735849,1439.37,62.0,30,Unknown,Haryana,MANDI039,APMC
2026-05-23,Unknown,28.29566037735849,1439.37,62.0,30,Unknown,Uttar Pradesh,MANDI046,PRIVATE
2026-05-24,Unknown,25.288163265306125,1255.56,64.17021276595744,32,Unknown,Punjab,MANDI017,PRIVATE
2026-05-24,Unknown,25.288163265306125,1255.56,64.17021276595744,32,Unknown,Haryana,MANDI032,PRIVATE
2026-05-24,Unknown,25.288163265306125,1255.56,64.17021276595744,32,Unknown,Haryana,MANDI039,APMC
2026-05-24,Unknown,25.288163265306125,1255.56,64.17021276595744,32,Unknown,Uttar Pradesh,MANDI046,PRIVATE
2026-05-25,Unknown,27.749318181818182,1130.8700000000001,63.31707317073171,31,Unknown,Punjab,MANDI017,PRIVATE
2026-05-25,Unknown,27.749318181818182,1130.8700000000001,63.31707317073171,31,Unknown,Haryana,MANDI032,PRIVATE
2026-05-25,Unknown,27.749318181818182,1130.8700000000001,63.31707317073171,31,Unknown,Haryana,MANDI039,APMC
2026-05-25,Unknown,27.749318181818182,1130.8700000000001,63.31707317073171,31,Unknown,Uttar Pradesh,MANDI046,PRIVATE
2026-05-26,Unknown,26.36074074074074,1189.99,57.82608695652174,34,Unknown,Punjab,MANDI017,PRIVATE
2026-05-26,Unknown,26.36074074074074,1189.99,57.82608695652174,34,Unknown,Haryana,MANDI032,PRIVATE
2026-05-26,Unknown,26.36074074074074,1189.99,57.82608695652174,34,Unknown,Haryana,MANDI039,APMC
2026-05-26,Unknown,26.36074074074074,1189.99,57.82608695652174,34,Unknown,Uttar Pradesh,MANDI046,PRIVATE
2026-05-27,Unknown,27.895555555555557,1470.25,62.25,35,Unknown,Punjab,MANDI017,PRIVATE
2026-05-27,Unknown,27.895555555555557,1470.25,62.25,35,Unknown,Haryana,MANDI032,PRIVATE
2026-05-27,Unknown,27.895555555555557,1470.25,62.25,35,Unknown,Haryana,MANDI039,APMC
2026-05-27,Unknown,27.895555555555557,1470.25,62.25,35,Unknown,Uttar Pradesh,MANDI046,PRIVATE
2026-05-28,Unknown,25.937222222222225,1214.59,63.78431372549019,35,Unknown,Punjab,MANDI017,PRIVATE
2026-05-28,Unknown,25.937222222222225,1214.59,63.78431372549019,35,Unknown,Haryana,MANDI032,PRIVATE
2026-05-28,Unknown,25.937222222222225,1214.59,63.78431372549019,35,Unknown,Haryana,MANDI039,APMC
2026-05-28,Unknown,25.937222222222225,1214.59,63.78431372549019,35,Unknown,Uttar Pradesh,MANDI046,PRIVATE
2026-05-29,Unknown,26.313389830508473,1215.09,65.1,34,Unknown,Punjab,MANDI017,PRIVATE
2026-05-29,Unknown,26.313389830508473,1215.09,65.1,34,Unknown,Haryana,MANDI032,PRIVATE
2026-05-29,Unknown,26.313389830508473,1215.09,65.1,34,Unknown,Haryana,MANDI039,APMC
2026-05-29,Unknown,26.313389830508473,1215.09,65.1,34,Unknown,Uttar Pradesh,MANDI046,PRIVATE
2026-05-30,Unknown,28.041666666666668,1180.58,62.044444444444444,29,Unknown,Punjab,MANDI017,PRIVATE
2026-05-30,Unknown,28.041666666666668,1180.58,62.044444444444444,29,Unknown,Haryana,MANDI032,PRIVATE
2026-05-30,Unknown,28.041666666666668,1180.58,62.044444444444444,29,Unknown,Haryana,MANDI039,APMC
2026-05-30,Unknown,28.041666666666668,1180.58,62.044444444444444,29,Unknown,Uttar Pradesh,MANDI046,PRIVATE
2026-05-31,Unknown,27.354736842105265,961.6,66.375,28,Unknown,Punjab,MANDI017,PRIVATE
2026-05-31,Unknown,27.354736842105265,961.6,66.375,28,Unknown,Haryana,MANDI032,PRIVATE
2026-05-31,Unknown,27.354736842105265,961.6,66.375,28,Unknown,Haryana,MANDI039,APMC
2026-05-31,Unknown,27.354736842105265,961.6,66.375,28,Unknown,Uttar Pradesh,MANDI046,PRIVATE
2026-06-01,Unknown,27.396274509803924,1162.17,67.58333333333333,32,Unknown,Punjab,MANDI017,PRIVATE
2026-06-01,Unknown,27.396274509803924,1162.17,67.58333333333333,32,Unknown,Haryana,MANDI032,PRIVATE
2026-06-01,Unknown,27.396274509803924,1162.17,67.58333333333333,32,Unknown,Haryana,MANDI039,APMC
2026-06-01,Unknown,27.396274509803924,1162.17,67.58333333333333,32,Unknown,Uttar Pradesh,MANDI046,PRIVATE
2026-06-02,Unknown,27.65877551020408,1142.47,62.15909090909091,31,Unknown,Punjab,MANDI017,PRIVATE
2026-06-02,Unknown,27.65877551020408,1142.47,62.15909090909091,31,Unknown,Haryana,MANDI032,PRIVATE
2026-06-02,Unknown,27.65877551020408,1142.47,62.15909090909091,31,Unknown,Haryana,MANDI039,APMC
2026-06-02,Unknown,27.65877551020408,1142.47,62.15909090909091,31,Unknown,Uttar Pradesh,MANDI046,PRIVATE
2026-06-03,Unknown,26.333859649122807,1425.72,62.775510204081634,31,Unknown,Punjab,MANDI017,PRIVATE
2026-06-03,Unknown,26.333859649122807,1425.72,62.775510204081634,31,Unknown,Haryana,MANDI032,PRIVATE
2026-06-03,Unknown,26.333859649122807,1425.72,62.775510204081634,31,Unknown,Haryana,MANDI039,APMC
2026-06-03,Unknown,26.333859649122807,1425.72,62.775510204081634,31,Unknown,Uttar Pradesh,MANDI046,PRIVATE
2026-06-04,Unknown,26.818510638297873,1284.68,63.90909090909091,30,Unknown,Punjab,MANDI017,PRIVATE
2026-06-04,Unknown,26.818510638297873,1284.68,63.90909090909091,30,Unknown,Haryana,MANDI032,PRIVATE
2026-06-04,Unknown,26.818510638297873,1284.68,63.90909090909091,30,Unknown,Haryana,MANDI039,APMC
2026-06-04,Unknown,26.818510638297873,1284.68,63.90909090909091,30,Unknown,Uttar Pradesh,MANDI046,PRIVATE
2026-06-05,Unknown,26.29074074074074,1490.5,60.2,32,Unknown,Punjab,MANDI017,PRIVATE
2026-06-05,Unknown,26.29074074074074,1490.5,60.2,32,Unknown,Haryana,MANDI032,PRIVATE
2026-06-05,Unknown,26.29074074074074,1490.5,60.2,32,Unknown,Haryana,MANDI039,APMC
2026-06-05,Unknown,26.29074074074074,1490.5,60.2,32,Unknown,Uttar Pradesh,MANDI046,PRIVATE
2026-06-06,Unknown,28.017547169811323,1393.4,60.775510204081634,34,Unknown,Punjab,MANDI017,PRIVATE
2026-06-06,Unknown,28.017547169811323,1393.4,60.775510204081634,34,Unknown,Haryana,MANDI032,PRIVATE
2026-06-06,Unknown,28.017547169811323,1393.4,60.775510204081634,34,Unknown,Haryana,MANDI039,APMC
2026-06-06,Unknown,28.017547169811323,1393.4,60.775510204081634,34,Unknown,Uttar Pradesh,MANDI046,PRIVATE
2026-06-07,Unknown,26.180408163265305,1165.9,63.0,36,Unknown,Punjab,MANDI017,PRIVATE
2026-06-07,Unknown,26.180408163265305,1165.9,63.0,36,Unknown,Haryana,MANDI032,PRIVATE
2026-06-07,Unknown,26.180408163265305,1165.9,63.0,36,Unknown,Haryana,MANDI039,APMC
2026-06-07,Unknown,26.180408163265305,1165.9,63.0,36,Unknown,Uttar Pradesh,MANDI046,PRIVATE
2026-06-08,Unknown,27.243333333333336,1306.0,62.1764705882353,33,Unknown,Punjab,MANDI017,PRIVATE
2026-06-08,Unknown,27.243333333333336,1306.0,62.1764705882353,33,Unknown,Haryana,MANDI032,PRIVATE
2026-06-08,Unknown,27.243333333333336,1306.0,62.1764705882353,33,Unknown,Haryana,MANDI039,APMC
2026-06-08,Unknown,27.243333333333336,1306.0,62.1764705882353,33,Unknown,Uttar Pradesh,MANDI046,PRIVATE
2026-06-09,Unknown,27.409827586206895,1254.03,64.40384615384616,37,Unknown,Punjab,MANDI017,PRIVATE
2026-06-09,Unknown,27.409827586206895,1254.03,64.40384615384616,37,Unknown,Haryana,MANDI032,PRIVATE
2026-06-09,Unknown,27.409827586206895,1254.03,64.40384615384616,37,Unknown,Haryana,MANDI039,APMC
2026-06-09,Unknown,27.409827586206895,1254.03,64.40384615384616,37,Unknown,Uttar Pradesh,MANDI046,PRIVATE
2026-06-10,Unknown,27.382380952380952,838.55,64.47368421052632,31,Unknown,Punjab,MANDI017,PRIVATE
2026-06-10,Unknown,27.382380952380952,838.55,64.47368421052632,31,Unknown,Haryana,MANDI032,PRIVATE
2026-06-10,Unknown,27.382380952380952,838.55,64.47368421052632,31,Unknown,Haryana,MANDI039,APMC
2026-06-10,Unknown,27.382380952380952,838.55,64.47368421052632,31,Unknown,Uttar Pradesh,MANDI046,PRIVATE
2026-06-11,Unknown,27.644237288135592,1350.46,62.163636363636364,37,Unknown,Punjab,MANDI017,PRIVATE
2026-06-11,Unknown,27.644237288135592,1350.46,62.163636363636364,37,Unknown,Haryana,MANDI032,PRIVATE
2026-06-11,Unknown,27.644237288135592,1350.46,62.163636363636364,37,Unknown,Haryana,MANDI039,APMC
2026-06-11,Unknown,27.644237288135592,1350.46,62.163636363636364,37,Unknown,Uttar Pradesh,MANDI046,PRIVATE
2026-06-12,Unknown,26.730727272727275,1463.6,59.40816326530612,37,Unknown,Punjab,MANDI017,PRIVATE
2026-06-12,Unknown,26.730727272727275,1463.6,59.40816326530612,37,Unknown,Haryana,MANDI032,PRIVATE
2026-06-12,Unknown,26.730727272727275,1463.6,59.40816326530612,37,Unknown,Haryana,MANDI039,APMC
2026-06-12,Unknown,26.730727272727275,1463.6,59.40816326530612,37,Unknown,Uttar Pradesh,MANDI046,PRIVATE
2026-06-13,Unknown,26.83918367346939,1249.48,62.638297872340424,31,Unknown,Punjab,MANDI017,PRIVATE
2026-06-13,Unknown,26.83918367346939,1249.48,62.638297872340424,31,Unknown,Haryana,MANDI032,PRIVATE
2026-06-13,Unknown,26.83918367346939,1249.48,62.638297872340424,31,Unknown,Haryana,MANDI039,APMC
2026-06-13,Unknown,26.83918367346939,1249.48,62.638297872340424,31,Unknown,Uttar Pradesh,MANDI046,PRIVATE
2026-06-14,Unknown,27.451964285714286,1361.32,62.0,33,Unknown,Punjab,MANDI017,PRIVATE
2026-06-14,Unknown,27.451964285714286,1361.32,62.0,33,Unknown,Haryana,MANDI032,PRIVATE
2026-06-14,Unknown,27.451964285714286,1361.32,62.0,33,Unknown,Haryana,MANDI039,APMC
2026-06-14,Unknown,27.451964285714286,1361.32,62.0,33,Unknown,Uttar Pradesh,MANDI046,PRIVATE
2026-06-15,Unknown,27.09344827586207,1403.1100000000001,62.0188679245283,37,Unknown,Punjab,MANDI017,PRIVATE
2026-06-15,Unknown,27.09344827586207,1403.1100000000001,62.0188679245283,37,Unknown,Haryana,MANDI032,PRIVATE
2026-06-15,Unknown,27.09344827586207,1403.1100000000001,62.0188679245283,37,Unknown,Haryana,MANDI039,APMC
2026-06-15,Unknown,27.09344827586207,1403.1100000000001,62.0188679245283,37,Unknown,Uttar Pradesh,MANDI046,PRIVATE
2026-06-16,Unknown,28.39063829787234,1062.53,56.42857142857143,30,Unknown,Punjab,MANDI017,PRIVATE
2026-06-16,Unknown,28.39063829787234,1062.53,56.42857142857143,30,Unknown,Haryana,MANDI032,PRIVATE
2026-06-16,Unknown,28.39063829787234,1062.53,56.42857142857143,30,Unknown,Haryana,MANDI039,APMC
2026-06-16,Unknown,28.39063829787234,1062.53,56.42857142857143,30,Unknown,Uttar Pradesh,MANDI046,PRIVATE
2026-06-17,Unknown,28.122978723404255,1045.07,60.02564102564103,32,Unknown,Punjab,MANDI017,PRIVATE
2026-06-17,Unknown,28.122978723404255,1045.07,60.02564102564103,32,Unknown,Haryana,MANDI032,PRIVATE
2026-06-17,Unknown,28.122978723404255,1045.07,60.02564102564103,32,Unknown,Haryana,MANDI039,APMC
2026-06-17,Unknown,28.122978723404255,1045.07,60.02564102564103,32,Unknown,Uttar Pradesh,MANDI046,PRIVATE
2026-06-18,Unknown,25.423965517241378,1459.14,62.88235294117647,36,Unknown,Punjab,MANDI017,PRIVATE
2026-06-18,Unknown,25.423965517241378,1459.14,62.88235294117647,36,Unknown,Haryana,MANDI032,PRIVATE
2026-06-18,Unknown,25.423965517241378,1459.14,62.88235294117647,36,Unknown,Haryana,MANDI039,APMC
2026-06-18,Unknown,25.423965517241378,1459.14,62.88235294117647,36,Unknown,Uttar Pradesh,MANDI046,PRIVATE
2026-06-19,Unknown,26.705846153846156,1604.86,64.50847457627118,36,Unknown,Punjab,MANDI017,PRIVATE
2026-06-19,Unknown,26.705846153846156,1604.86,64.50847457627118,36,Unknown,Haryana,MANDI032,PRIVATE
2026-06-19,Unknown,26.705846153846156,1604.86,64.50847457627118,36,Unknown,Haryana,MANDI039,APMC
2026-06-19,Unknown,26.705846153846156,1604.86,64.50847457627118,36,Unknown,Uttar Pradesh,MANDI046,PRIVATE
2026-06-20,Unknown,27.65923076923077,832.59,58.484848484848484,26,Unknown,Punjab,MANDI017,PRIVATE
2026-06-20,Unknown,27.65923076923077,832.59,58.484848484848484,26,Unknown,Haryana,MANDI032,PRIVATE
2026-06-20,Unknown,27.65923076923077,832.59,58.484848484848484,26,Unknown,Haryana,MANDI039,APMC
2026-06-20,Unknown,27.65923076923077,832.59,58.484848484848484,26,Unknown,Uttar Pradesh,MANDI046,PRIVATE
2026-06-21,Unknown,26.945,1272.68,58.54545454545455,32,Unknown,Punjab,MANDI017,PRIVATE
2026-06-21,Unknown,26.945,1272.68,58.54545454545455,32,Unknown,Haryana,MANDI032,PRIVATE
2026-06-21,Unknown,26.945,1272.68,58.54545454545455,32,Unknown,Haryana,MANDI039,APMC
2026-06-21,Unknown,26.945,1272.68,58.54545454545455,32,Unknown,Uttar Pradesh,MANDI046,PRIVATE
2026-06-22,Unknown,25.34733333333333,1121.18,65.88679245283019,37,Unknown,Punjab,MANDI017,PRIVATE
2026-06-22,Unknown,25.34733333333333,1121.18,65.88679245283019,37,Unknown,Haryana,MANDI032,PRIVATE
2026-06-22,Unknown,25.34733333333333,1121.18,65.88679245283019,37,Unknown,Haryana,MANDI039,APMC
2026-06-22,Unknown,25.34733333333333,1121.18,65.88679245283019,37,Unknown,Uttar Pradesh,MANDI046,PRIVATE
2026-06-23,Unknown,28.50181818181818,1193.96,61.212765957446805,33,Unknown,Punjab,MANDI017,PRIVATE
2026-06-23,Unknown,28.50181818181818,1193.96,61.212765957446805,33,Unknown,Haryana,MANDI032,PRIVATE
2026-06-23,Unknown,28.50181818181818,1193.96,61.212765957446805,33,Unknown,Haryana,MANDI039,APMC
2026-06-23,Unknown,28.50181818181818,1193.96,61.212765957446805,33,Unknown,Uttar Pradesh,MANDI046,PRIVATE
2026-06-24,Unknown,28.937441860465114,1121.66,63.73684210526316,32,Unknown,Punjab,MANDI017,PRIVATE
2026-06-24,Unknown,28.937441860465114,1121.66,63.73684210526316,32,Unknown,Haryana,MANDI032,PRIVATE
2026-06-24,Unknown,28.937441860465114,1121.66,63.73684210526316,32,Unknown,Haryana,MANDI039,APMC
2026-06-24,Unknown,28.937441860465114,1121.66,63.73684210526316,32,Unknown,Uttar Pradesh,MANDI046,PRIVATE
2026-06-25,Unknown,27.6735,1447.63,63.535714285714285,37,Unknown,Punjab,MANDI017,PRIVATE
2026-06-25,Unknown,27.6735,1447.63,63.535714285714285,37,Unknown,Haryana,MANDI032,PRIVATE
2026-06-25,Unknown,27.6735,1447.63,63.535714285714285,37,Unknown,Haryana,MANDI039,APMC
2026-06-25,Unknown,27.6735,1447.63,63.535714285714285,37,Unknown,Uttar Pradesh,MANDI046,PRIVATE
2026-06-26,Unknown,25.690888888888885,1079.82,64.63888888888889,30,Unknown,Punjab,MANDI017,PRIVATE
2026-06-26,Unknown,25.690888888888885,1079.82,64.63888888888889,30,Unknown,Haryana,MANDI032,PRIVATE
2026-06-26,Unknown,25.690888888888885,1079.82,64.63888888888889,30,Unknown,Haryana,MANDI039,APMC
2026-06-26,Unknown,25.690888888888885,1079.82,64.63888888888889,30,Unknown,Uttar Pradesh,MANDI046,PRIVATE
2026-06-27,Unknown,28.552857142857142,1361.96,63.129629629629626,35,Unknown,Punjab,MANDI017,PRIVATE
2026-06-27,Unknown,28.552857142857142,1361.96,63.129629629629626,35,Unknown,Haryana,MANDI032,PRIVATE
2026-06-27,Unknown,28.552857142857142,1361.96,63.129629629629626,35,Unknown,Haryana,MANDI039,APMC
2026-06-27,Unknown,28.552857142857142,1361.96,63.129629629629626,35,Unknown,Uttar Pradesh,MANDI046,PRIVATE
2026-06-28,Unknown,27.177297297297297,1064.61,63.911764705882355,27,Unknown,Punjab,MANDI017,PRIVATE
2026-06-28,Unknown,27.177297297297297,1064.61,63.911764705882355,27,Unknown,Haryana,MANDI032,PRIVATE
2026-06-28,Unknown,27.177297297297297,1064.61,63.911764705882355,27,Unknown,Haryana,MANDI039,APMC
2026-06-28,Unknown,27.177297297297297,1064.61,63.911764705882355,27,Unknown,Uttar Pradesh,MANDI046,PRIVATE
2026-06-29,Unknown,28.366153846153846,1476.28,59.10526315789474,34,Unknown,Punjab,MANDI017,PRIVATE
2026-06-29,Unknown,28.366153846153846,1476.28,59.10526315789474,34,Unknown,Haryana,MANDI032,PRIVATE
2026-06-29,Unknown,28.366153846153846,1476.28,59.10526315789474,34,Unknown,Haryana,MANDI039,APMC
2026-06-29,Unknown,28.366153846153846,1476.28,59.10526315789474,34,Unknown,Uttar Pradesh,MANDI046,PRIVATE
2026-06-30,Unknown,27.922608695652176,1082.41,63.170731707317074,30,Unknown,Punjab,MANDI017,PRIVATE
2026-06-30,Unknown,27.922608695652176,1082.41,63.170731707317074,30,Unknown,Haryana,MANDI032,PRIVATE
2026-06-30,Unknown,27.922608695652176,1082.41,63.170731707317074,30,Unknown,Haryana,MANDI039,APMC
2026-06-30,Unknown,27.922608695652176,1082.41,63.170731707317074,30,Unknown,Uttar Pradesh,MANDI046,PRIVATE
2026-07-01,Unknown,26.985227272727272,1046.65,61.225,32,Unknown,Punjab,MANDI017,PRIVATE
2026-07-01,Unknown,26.985227272727272,1046.65,61.225,32,Unknown,Haryana,MANDI032,PRIVATE
2026-07-01,Unknown,26.985227272727272,1046.65,61.225,32,Unknown,Haryana,MANDI039,APMC
2026-07-01,Unknown,26.985227272727272,1046.65,61.225,32,Unknown,Uttar Pradesh,MANDI046,PRIVATE
2026-07-02,Unknown,28.926956521739132,1091.84,59.76744186046512,27,Unknown,Punjab,MANDI017,PRIVATE
2026-07-02,Unknown,28.926956521739132,1091.84,59.76744186046512,27,Unknown,Haryana,MANDI032,PRIVATE
2026-07-02,Unknown,28.926956521739132,1091.84,59.76744186046512,27,Unknown,Haryana,MANDI039,APMC
2026-07-02,Unknown,28.926956521739132,1091.84,59.76744186046512,27,Unknown,Uttar Pradesh,MANDI046,PRIVATE
2026-07-03,Unknown,24.880000000000003,1443.51,63.06976744186046,35,Unknown,Punjab,MANDI017,PRIVATE
2026-07-03,Unknown,24.880000000000003,1443.51,63.06976744186046,35,Unknown,Haryana,MANDI032,PRIVATE
2026-07-03,Unknown,24.880000000000003,1443.51,63.06976744186046,35,Unknown,Haryana,MANDI039,APMC
2026-07-03,Unknown,24.880000000000003,1443.51,63.06976744186046,35,Unknown,Uttar Pradesh,MANDI046,PRIVATE
2026-07-04,Unknown,28.17706896551724,1364.12,63.763636363636365,35,Unknown,Punjab,MANDI017,PRIVATE
2026-07-04,Unknown,28.17706896551724,1364.12,63.763636363636365,35,Unknown,Haryana,MANDI032,PRIVATE
2026-07-04,Unknown,28.17706896551724,1364.12,63.763636363636365,35,Unknown,Haryana,MANDI039,APMC
2026-07-04,Unknown,28.17706896551724,1364.12,63.763636363636365,35,Unknown,Uttar Pradesh,MANDI046,PRIVATE
2026-07-05,Unknown,27.663703703703703,1361.84,60.8,33,Unknown,Punjab,MANDI017,PRIVATE
2026-07-05,Unknown,27.663703703703703,1361.84,60.8,33,Unknown,Haryana,MANDI032,PRIVATE
2026-07-05,Unknown,27.663703703703703,1361.84,60.8,33,Unknown,Haryana,MANDI039,APMC
2026-07-05,Unknown,27.663703703703703,1361.84,60.8,33,Unknown,Uttar Pradesh,MANDI046,PRIVATE
2026-07-06,Unknown,28.748936170212765,1009.37,64.97619047619048,31,Unknown,Punjab,MANDI017,PRIVATE
2026-07-06,Unknown,28.748936170212765,1009.37,64.97619047619048,31,Unknown,Haryana,MANDI032,PRIVATE
2026-07-06,Unknown,28.748936170212765,1009.37,64.97619047619048,31,Unknown,Haryana,MANDI039,APMC
2026-07-06,Unknown,28.748936170212765,1009.37,64.97619047619048,31,Unknown,Uttar Pradesh,MANDI046,PRIVATE
2026-07-07,Unknown,26.7306,1068.13,60.61702127659574,31,Unknown,Punjab,MANDI017,PRIVATE
2026-07-07,Unknown,26.7306,1068.13,60.61702127659574,31,Unknown,Haryana,MANDI032,PRIVATE
2026-07-07,Unknown,26.7306,1068.13,60.61702127659574,31,Unknown,Haryana,MANDI039,APMC
2026-07-07,Unknown,26.7306,1068.13,60.61702127659574,31,Unknown,Uttar Pradesh,MANDI046,PRIVATE
2026-07-08,Unknown,27.70560606060606,1642.58,55.03125,36,Unknown,Punjab,MANDI017,PRIVATE
2026-07-08,Unknown,27.70560606060606,1642.58,55.03125,36,Unknown,Haryana,MANDI032,PRIVATE
2026-07-08,Unknown,27.70560606060606,1642.58,55.03125,36,Unknown,Haryana,MANDI039,APMC
2026-07-08,Unknown,27.70560606060606,1642.58,55.03125,36,Unknown,Uttar Pradesh,MANDI046,PRIVATE
2026-07-09,Unknown,26.460169491525424,1176.8,63.53703703703704,34,Unknown,Punjab,MANDI017,PRIVATE
2026-07-09,Unknown,26.460169491525424,1176.8,63.53703703703704,34,Unknown,Haryana,MANDI032,PRIVATE
2026-07-09,Unknown,26.460169491525424,1176.8,63.53703703703704,34,Unknown,Haryana,MANDI039,APMC
2026-07-09,Unknown,26.460169491525424,1176.8,63.53703703703704,34,Unknown,Uttar Pradesh,MANDI046,PRIVATE
2026-07-10,Unknown,27.17056603773585,1386.21,62.212765957446805,35,Unknown,Punjab,MANDI017,PRIVATE
2026-07-10,Unknown,27.17056603773585,1386.21,62.212765957446805,35,Unknown,Haryana,MANDI032,PRIVATE
2026-07-10,Unknown,27.17056603773585,1386.21,62.212765957446805,35,Unknown,Haryana,MANDI039,APMC
2026-07-10,Unknown,27.17056603773585,1386.21,62.212765957446805,35,Unknown,Uttar Pradesh,MANDI046,PRIVATE
2026-07-11,Unknown,27.690851063829786,1160.15,58.41463414634146,29,Unknown,Punjab,MANDI017,PRIVATE
2026-07-11,Unknown,27.690851063829786,1160.15,58.41463414634146,29,Unknown,Haryana,MANDI032,PRIVATE
2026-07-11,Unknown,27.690851063829786,1160.15,58.41463414634146,29,Unknown,Haryana,MANDI039,APMC
2026-07-11,Unknown,27.690851063829786,1160.15,58.41463414634146,29,Unknown,Uttar Pradesh,MANDI046,PRIVATE
2026-07-12,Unknown,28.09358490566038,1281.59,63.25,35,Unknown,Punjab,MANDI017,PRIVATE
2026-07-12,Unknown,28.09358490566038,1281.59,63.25,35,Unknown,Haryana,MANDI032,PRIVATE
2026-07-12,Unknown,28.09358490566038,1281.59,63.25,35,Unknown,Haryana,MANDI039,APMC
2026-07-12,Unknown,28.09358490566038,1281.59,63.25,35,Unknown,Uttar Pradesh,MANDI046,PRIVATE
2026-07-13,Unknown,28.928510638297876,985.99,60.25581395348837,31,Unknown,Punjab,MANDI017,PRIVATE
2026-07-13,Unknown,28.928510638297876,985.99,60.25581395348837,31,Unknown,Haryana,MANDI032,PRIVATE
2026-07-13,Unknown,28.928510638297876,985.99,60.25581395348837,31,Unknown,Haryana,MANDI039,APMC
2026-07-13,Unknown,28.928510638297876,985.99,60.25581395348837,31,Unknown,Uttar Pradesh,MANDI046,PRIVATE
2026-07-14,Unknown,27.921111111111113,1283.32,62.08163265306123,32,Unknown,Punjab,MANDI017,PRIVATE
2026-07-14,Unknown,27.921111111111113,1283.32,62.08163265306123,32,Unknown,Haryana,MANDI032,PRIVATE
2026-07-14,Unknown,27.921111111111113,1283.32,62.08163265306123,32,Unknown,Haryana,MANDI039,APMC
2026-07-14,Unknown,27.921111111111113,1283.32,62.08163265306123,32,Unknown,Uttar Pradesh,MANDI046,PRIVATE
2026-07-15,Unknown,27.72317073170732,885.09,54.114285714285714,30,Unknown,Punjab,MANDI017,PRIVATE
2026-07-15,Unknown,27.72317073170732,885.09,54.114285714285714,30,Unknown,Haryana,MANDI032,PRIVATE
2026-07-15,Unknown,27.72317073170732,885.09,54.114285714285714,30,Unknown,Haryana,MANDI039,APMC
2026-07-15,Unknown,27.72317073170732,885.09,54.114285714285714,30,Unknown,Uttar Pradesh,MANDI046,PRIVATE
2026-07-16,Unknown,26.95949152542373,1383.27,58.85454545454545,31,Unknown,Punjab,MANDI017,PRIVATE
2026-07-16,Unknown,26.95949152542373,1383.27,58.85454545454545,31,Unknown,Haryana,MANDI032,PRIVATE
2026-07-16,Unknown,26.95949152542373,1383.27,58.85454545454545,31,Unknown,Haryana,MANDI039,APMC
2026-07-16,Unknown,26.95949152542373,1383.27,58.85454545454545,31,Unknown,Uttar Pradesh,MANDI046,PRIVATE
2026-07-17,Unknown,24.898867924528304,1321.14,63.191489361702125,34,Unknown,Punjab,MANDI017,PRIVATE
2026-07-17,Unknown,24.898867924528304,1321.14,63.191489361702125,34,Unknown,Haryana,MANDI032,PRIVATE
2026-07-17,Unknown,24.898867924528304,1321.14,63.191489361702125,34,Unknown,Haryana,MANDI039,APMC
2026-07-17,Unknown,24.898867924528304,1321.14,63.191489361702125,34,Unknown,Uttar Pradesh,MANDI046,PRIVATE
2026-07-18,Unknown,28.5645,923.8199999999999,61.5945945945946,29,Unknown,Punjab,MANDI017,PRIVATE
2026-07-18,Unknown,28.5645,923.8199999999999,61.5945945945946,29,Unknown,Haryana,MANDI032,PRIVATE
2026-07-18,Unknown,28.5645,923.8199999999999,61.5945945945946,29,Unknown,Haryana,MANDI039,APMC
2026-07-18,Unknown,28.5645,923.8199999999999,61.5945945945946,29,Unknown,Uttar Pradesh,MANDI046,PRIVATE
2026-07-19,Unknown,25.61063829787234,1019.16,57.785714285714285,30,Unknown,Punjab,MANDI017,PRIVATE
2026-07-19,Unknown,25.61063829787234,1019.16,57.785714285714285,30,Unknown,Haryana,MANDI032,PRIVATE
2026-07-19,Unknown,25.61063829787234,1019.16,57.785714285714285,30,Unknown,Haryana,MANDI039,APMC
2026-07-19,Unknown,25.61063829787234,1019.16,57.785714285714285,30,Unknown,Uttar Pradesh,MANDI046,PRIVATE
2026-07-20,Unknown,27.420392156862746,1257.95,63.422222222222224,31,Unknown,Punjab,MANDI017,PRIVATE
2026-07-20,Unknown,27.420392156862746,1257.95,63.422222222222224,31,Unknown,Haryana,MANDI032,PRIVATE
2026-07-20,Unknown,27.420392156862746,1257.95,63.422222222222224,31,Unknown,Haryana,MANDI039,APMC
2026-07-20,Unknown,27.420392156862746,1257.95,63.422222222222224,31,Unknown,Uttar Pradesh,MANDI046,PRIVATE
2026-07-21,Unknown,28.849787234042555,1218.88,62.7,32,Unknown,Punjab,MANDI017,PRIVATE
2026-07-21,Unknown,28.849787234042555,1218.88,62.7,32,Unknown,Haryana,MANDI032,PRIVATE
2026-07-21,Unknown,28.849787234042555,1218.88,62.7,32,Unknown,Haryana,MANDI039,APMC
2026-07-21,Unknown,28.849787234042555,1218.88,62.7,32,Unknown,Uttar Pradesh,MANDI046,PRIVATE
2026-07-22,Unknown,28.51490566037736,1107.27,60.875,34,Unknown,Punjab,MANDI017,PRIVATE
2026-07-22,Unknown,28.51490566037736,1107.27,60.875,34,Unknown,Haryana,MANDI032,PRIVATE
2026-07-22,Unknown,28.51490566037736,1107.27,60.875,34,Unknown,Haryana,MANDI039,APMC
2026-07-22,Unknown,28.51490566037736,1107.27,60.875,34,Unknown,Uttar Pradesh,MANDI046,PRIVATE
2026-07-23,Unknown,25.994415584415584,1794.16,65.55072463768116,39,Unknown,Punjab,MANDI017,PRIVATE
2026-07-23,Unknown,25.994415584415584,1794.16,65.55072463768116,39,Unknown,Haryana,MANDI032,PRIVATE
2026-07-23,Unknown,25.994415584415584,1794.16,65.55072463768116,39,Unknown,Haryana,MANDI039,APMC
2026-07-23,Unknown,25.994415584415584,1794.16,65.55072463768116,39,Unknown,Uttar Pradesh,MANDI046,PRIVATE
2026-07-24,Unknown,27.250151515151515,1322.11,65.52380952380952,39,Unknown,Punjab,MANDI017,PRIVATE
2026-07-24,Unknown,27.250151515151515,1322.11,65.52380952380952,39,Unknown,Haryana,MANDI032,PRIVATE
2026-07-24,Unknown,27.250151515151515,1322.11,65.52380952380952,39,Unknown,Haryana,MANDI039,APMC
2026-07-24,Unknown,27.250151515151515,1322.11,65.52380952380952,39,Unknown,Uttar Pradesh,MANDI046,PRIVATE
2026-07-25,Unknown,26.80574074074074,1348.34,59.42857142857143,35,Unknown,Punjab,MANDI017,PRIVATE
2026-07-25,Unknown,26.80574074074074,1348.34,59.42857142857143,35,Unknown,Haryana,MANDI032,PRIVATE
2026-07-25,Unknown,26.80574074074074,1348.34,59.42857142857143,35,Unknown,Haryana,MANDI039,APMC
2026-07-25,Unknown,26.80574074074074,1348.34,59.42857142857143,35,Unknown,Uttar Pradesh,MANDI046,PRIVATE
2026-07-26,Unknown,24.924285714285713,1164.76,64.15217391304348,31,Unknown,Punjab,MANDI017,PRIVATE
2026-07-26,Unknown,24.924285714285713,1164.76,64.15217391304348,31,Unknown,Haryana,MANDI032,PRIVATE
2026-07-26,Unknown,24.924285714285713,1164.76,64.15217391304348,31,Unknown,Haryana,MANDI039,APMC
2026-07-26,Unknown,24.924285714285713,1164.76,64.15217391304348,31,Unknown,Uttar Pradesh,MANDI046,PRIVATE
2026-07-27,Unknown,27.1134693877551,1063.08,60.61702127659574,32,Unknown,Punjab,MANDI017,PRIVATE
2026-07-27,Unknown,27.1134693877551,1063.08,60.61702127659574,32,Unknown,Haryana,MANDI032,PRIVATE
2026-07-27,Unknown,27.1134693877551,1063.08,60.61702127659574,32,Unknown,Haryana,MANDI039,APMC
2026-07-27,Unknown,27.1134693877551,1063.08,60.61702127659574,32,Unknown,Uttar Pradesh,MANDI046,PRIVATE
2026-07-28,Unknown,27.04348837209302,1002.2,62.13157894736842,31,Unknown,Punjab,MANDI017,PRIVATE
2026-07-28,Unknown,27.04348837209302,1002.2,62.13157894736842,31,Unknown,Haryana,MANDI032,PRIVATE
2026-07-28,Unknown,27.04348837209302,1002.2,62.13157894736842,31,Unknown,Haryana,MANDI039,APMC
2026-07-28,Unknown,27.04348837209302,1002.2,62.13157894736842,31,Unknown,Uttar Pradesh,MANDI046,PRIVATE
2026-07-29,Unknown,27.737714285714283,955.6,57.90909090909091,25,Unknown,Punjab,MANDI017,PRIVATE
2026-07-29,Unknown,27.737714285714283,955.6,57.90909090909091,25,Unknown,Haryana,MANDI032,PRIVATE
2026-07-29,Unknown,27.737714285714283,955.6,57.90909090909091,25,Unknown,Haryana,MANDI039,APMC
2026-07-29,Unknown,27.737714285714283,955.6,57.90909090909091,25,Unknown,Uttar Pradesh,MANDI046,PRIVATE
2026-07-30,Unknown,27.402244897959186,1126.75,66.02173913043478,31,Unknown,Punjab,MANDI017,PRIVATE
2026-07-30,Unknown,27.402244897959186,1126.75,66.02173913043478,31,Unknown,Haryana,MANDI032,PRIVATE
2026-07-30,Unknown,27.402244897959186,1126.75,66.02173913043478,31,Unknown,Haryana,MANDI039,APMC
2026-07-30,Unknown,27.402244897959186,1126.75,66.02173913043478,31,Unknown,Uttar Pradesh,MANDI046,PRIVATE
2026-07-31,Unknown,28.133454545454544,1309.36,57.0,30,Unknown,Punjab,MANDI017,PRIVATE
2026-07-31,Unknown,28.133454545454544,1309.36,57.0,30,Unknown,Haryana,MANDI032,PRIVATE
2026-07-31,Unknown,28.133454545454544,1309.36,57.0,30,Unknown,Haryana,MANDI039,APMC
2026-07-31,Unknown,28.133454545454544,1309.36,57.0,30,Unknown,Uttar Pradesh,MANDI046,PRIVATE
2026-08-01,Unknown,27.85090909090909,1130.2,63.1219512195122,31,Unknown,Punjab,MANDI017,PRIVATE
2026-08-01,Unknown,27.85090909090909,1130.2,63.1219512195122,31,Unknown,Haryana,MANDI032,PRIVATE
2026-08-01,Unknown,27.85090909090909,1130.2,63.1219512195122,31,Unknown,Haryana,MANDI039,APMC
2026-08-01,Unknown,27.85090909090909,1130.2,63.1219512195122,31,Unknown,Uttar Pradesh,MANDI046,PRIVATE
2026-08-02,Unknown,26.243870967741934,1335.79,64.25925925925925,34,Unknown,Punjab,MANDI017,PRIVATE
2026-08-02,Unknown,26.243870967741934,1335.79,64.25925925925925,34,Unknown,Haryana,MANDI032,PRIVATE
2026-08-02,Unknown,26.243870967741934,1335.79,64.25925925925925,34,Unknown,Haryana,MANDI039,APMC
2026-08-02,Unknown,26.243870967741934,1335.79,64.25925925925925,34,Unknown,Uttar Pradesh,MANDI046,PRIVATE
2026-08-03,Unknown,26.222857142857144,1215.94,59.977777777777774,31,Unknown,Punjab,MANDI017,PRIVATE
2026-08-03,Unknown,26.222857142857144,1215.94,59.977777777777774,31,Unknown,Haryana,MANDI032,PRIVATE
2026-08-03,Unknown,26.222857142857144,1215.94,59.977777777777774,31,Unknown,Haryana,MANDI039,APMC
2026-08-03,Unknown,26.222857142857144,1215.94,59.977777777777774,31,Unknown,Uttar Pradesh,MANDI046,PRIVATE
2026-08-04,Unknown,28.06796875,1589.01,58.74576271186441,36,Unknown,Punjab,MANDI017,PRIVATE
2026-08-04,Unknown,28.06796875,1589.01,58.74576271186441,36,Unknown,Haryana,MANDI032,PRIVATE
2026-08-04,Unknown,28.06796875,1589.01,58.74576271186441,36,Unknown,Haryana,MANDI039,APMC
2026-08-04,Unknown,28.06796875,1589.01,58.74576271186441,36,Unknown,Uttar Pradesh,MANDI046,PRIVATE
2026-08-05,Unknown,27.909565217391304,1170.93,64.04878048780488,30,Unknown,Punjab,MANDI017,PRIVATE
2026-08-05,Unknown,27.909565217391304,1170.93,64.04878048780488,30,Unknown,Haryana,MANDI032,PRIVATE
2026-08-05,Unknown,27.909565217391304,1170.93,64.04878048780488,30,Unknown,Haryana,MANDI039,APMC
2026-08-05,Unknown,27.909565217391304,1170.93,64.04878048780488,30,Unknown,Uttar Pradesh,MANDI046,PRIVATE
2026-08-06,Unknown,23.63653846153846,1314.6200000000001,59.145833333333336,33,Unknown,Punjab,MANDI017,PRIVATE
2026-08-06,Unknown,23.63653846153846,1314.6200000000001,59.145833333333336,33,Unknown,Haryana,MANDI032,PRIVATE
2026-08-06,Unknown,23.63653846153846,1314.6200000000001,59.145833333333336,33,Unknown,Haryana,MANDI039,APMC
2026-08-06,Unknown,23.63653846153846,1314.6200000000001,59.145833333333336,33,Unknown,Uttar Pradesh,MANDI046,PRIVATE
2026-08-07,Unknown,28.283050847457627,1441.71,61.88461538461539,35,Unknown,Punjab,MANDI017,PRIVATE
2026-08-07,Unknown,28.283050847457627,1441.71,61.88461538461539,35,Unknown,Haryana,MANDI032,PRIVATE
2026-08-07,Unknown,28.283050847457627,1441.71,61.88461538461539,35,Unknown,Haryana,MANDI039,APMC
2026-08-07,Unknown,28.283050847457627,1441.71,61.88461538461539,35,Unknown,Uttar Pradesh,MANDI046,PRIVATE
2026-08-08,Unknown,28.159310344827585,1323.65,64.38461538461539,37,Unknown,Punjab,MANDI017,PRIVATE
2026-08-08,Unknown,28.159310344827585,1323.65,64.38461538461539,37,Unknown,Haryana,MANDI032,PRIVATE
2026-08-08,Unknown,28.159310344827585,1323.65,64.38461538461539,37,Unknown,Haryana,MANDI039,APMC
2026-08-08,Unknown,28.159310344827585,1323.65,64.38461538461539,37,Unknown,Uttar Pradesh,MANDI046,PRIVATE
2026-08-09,Unknown,26.4475,1034.85,59.53658536585366,33,Unknown,Punjab,MANDI017,PRIVATE
2026-08-09,Unknown,26.4475,1034.85,59.53658536585366,33,Unknown,Haryana,MANDI032,PRIVATE
2026-08-09,Unknown,26.4475,1034.85,59.53658536585366,33,Unknown,Haryana,MANDI039,APMC
2026-08-09,Unknown,26.4475,1034.85,59.53658536585366,33,Unknown,Uttar Pradesh,MANDI046,PRIVATE
2026-08-10,Unknown,26.518524590163935,1579.44,67.18518518518519,37,Unknown,Punjab,MANDI017,PRIVATE
2026-08-10,Unknown,26.518524590163935,1579.44,67.18518518518519,37,Unknown,Haryana,MANDI032,PRIVATE
2026-08-10,Unknown,26.518524590163935,1579.44,67.18518518518519,37,Unknown,Haryana,MANDI039,APMC
2026-08-10,Unknown,26.518524590163935,1579.44,67.18518518518519,37,Unknown,Uttar Pradesh,MANDI046,PRIVATE
2026-08-11,Unknown,26.925362318840577,1731.43,64.13333333333334,40,Unknown,Punjab,MANDI017,PRIVATE
2026-08-11,Unknown,26.925362318840577,1731.43,64.13333333333334,40,Unknown,Haryana,MANDI032,PRIVATE
2026-08-11,Unknown,26.925362318840577,1731.43,64.13333333333334,40,Unknown,Haryana,MANDI039,APMC
2026-08-11,Unknown,26.925362318840577,1731.43,64.13333333333334,40,Unknown,Uttar Pradesh,MANDI046,PRIVATE
2026-08-12,Unknown,29.27978260869565,1215.69,59.74418604651163,29,Unknown,Punjab,MANDI017,PRIVATE
2026-08-12,Unknown,29.27978260869565,1215.69,59.74418604651163,29,Unknown,Haryana,MANDI032,PRIVATE
2026-08-12,Unknown,29.27978260869565,1215.69,59.74418604651163,29,Unknown,Haryana,MANDI039,APMC
2026-08-12,Unknown,29.27978260869565,1215.69,59.74418604651163,29,Unknown,Uttar Pradesh,MANDI046,PRIVATE
2026-08-13,Unknown,27.75969230769231,1426.34,66.25862068965517,36,Unknown,Punjab,MANDI017,PRIVATE
2026-08-13,Unknown,27.75969230769231,1426.34,66.25862068965517,36,Unknown,Haryana,MANDI032,PRIVATE
2026-08-13,Unknown,27.75969230769231,1426.34,66.25862068965517,36,Unknown,Haryana,MANDI039,APMC
2026-08-13,Unknown,27.75969230769231,1426.34,66.25862068965517,36,Unknown,Uttar Pradesh,MANDI046,PRIVATE
2026-08-14,Unknown,26.26890625,1564.54,59.69090909090909,39,Unknown,Punjab,MANDI017,PRIVATE
2026-08-14,Unknown,26.26890625,1564.54,59.69090909090909,39,Unknown,Haryana,MANDI032,PRIVATE
2026-08-14,Unknown,26.26890625,1564.54,59.69090909090909,39,Unknown,Haryana,MANDI039,APMC
2026-08-14,Unknown,26.26890625,1564.54,59.69090909090909,39,Unknown,Uttar Pradesh,MANDI046,PRIVATE
2026-08-15,Unknown,27.051320754716983,1539.29,62.54545454545455,36,Unknown,Punjab,MANDI017,PRIVATE
2026-08-15,Unknown,27.051320754716983,1539.29,62.54545454545455,36,Unknown,Haryana,MANDI032,PRIVATE
2026-08-15,Unknown,27.051320754716983,1539.29,62.54545454545455,36,Unknown,Haryana,MANDI039,APMC
2026-08-15,Unknown,27.051320754716983,1539.29,62.54545454545455,36,Unknown,Uttar Pradesh,MANDI046,PRIVATE
2026-08-16,Unknown,27.28925,997.09,57.75675675675676,25,Unknown,Punjab,MANDI017,PRIVATE
2026-08-16,Unknown,27.28925,997.09,57.75675675675676,25,Unknown,Haryana,MANDI032,PRIVATE
2026-08-16,Unknown,27.28925,997.09,57.75675675675676,25,Unknown,Haryana,MANDI039,APMC
2026-08-16,Unknown,27.28925,997.09,57.75675675675676,25,Unknown,Uttar Pradesh,MANDI046,PRIVATE
2026-08-17,Unknown,28.684150943396226,1072.41,61.0,35,Unknown,Punjab,MANDI017,PRIVATE
2026-08-17,Unknown,28.684150943396226,1072.41,61.0,35,Unknown,Haryana,MANDI032,PRIVATE
2026-08-17,Unknown,28.684150943396226,1072.41,61.0,35,Unknown,Haryana,MANDI039,APMC
2026-08-17,Unknown,28.684150943396226,1072.41,61.0,35,Unknown,Uttar Pradesh,MANDI046,PRIVATE
2026-08-18,Unknown,27.147719298245615,1292.48,58.05769230769231,32,Unknown,Punjab,MANDI017,PRIVATE
2026-08-18,Unknown,27.147719298245615,1292.48,58.05769230769231,32,Unknown,Haryana,MANDI032,PRIVATE
2026-08-18,Unknown,27.147719298245615,1292.48,58.05769230769231,32,Unknown,Haryana,MANDI039,APMC
2026-08-18,Unknown,27.147719298245615,1292.48,58.05769230769231,32,Unknown,Uttar Pradesh,MANDI046,PRIVATE
2026-08-19,Unknown,26.85203125,1547.12,62.473684210526315,35,Unknown,Punjab,MANDI017,PRIVATE
2026-08-19,Unknown,26.85203125,1547.12,62.473684210526315,35,Unknown,Haryana,MANDI032,PRIVATE
2026-08-19,Unknown,26.85203125,1547.12,62.473684210526315,35,Unknown,Haryana,MANDI039,APMC
2026-08-19,Unknown,26.85203125,1547.12,62.473684210526315,35,Unknown,Uttar Pradesh,MANDI046,PRIVATE
2026-08-20,Unknown,28.713061224489795,1410.88,61.34090909090909,27,Unknown,Punjab,MANDI017,PRIVATE
2026-08-20,Unknown,28.713061224489795,1410.88,61.34090909090909,27,Unknown,Haryana,MANDI032,PRIVATE
2026-08-20,Unknown,28.713061224489795,1410.88,61.34090909090909,27,Unknown,Haryana,MANDI039,APMC
2026-08-20,Unknown,28.713061224489795,1410.88,61.34090909090909,27,Unknown,Uttar Pradesh,MANDI046,PRIVATE
2026-08-21,Unknown,29.061851851851852,1354.15,57.9,35,Unknown,Punjab,MANDI017,PRIVATE
2026-08-21,Unknown,29.061851851851852,1354.15,57.9,35,Unknown,Haryana,MANDI032,PRIVATE
2026-08-21,Unknown,29.061851851851852,1354.15,57.9,35,Unknown,Haryana,MANDI039,APMC
2026-08-21,Unknown,29.061851851851852,1354.15,57.9,35,Unknown,Uttar Pradesh,MANDI046,PRIVATE
2026-08-22,Unknown,26.266000000000002,1320.52,59.26086956521739,36,Unknown,Punjab,MANDI017,PRIVATE
2026-08-22,Unknown,26.266000000000002,1320.52,59.26086956521739,36,Unknown,Haryana,MANDI032,PRIVATE
2026-08-22,Unknown,26.266000000000002,1320.52,59.26086956521739,36,Unknown,Haryana,MANDI039,APMC
2026-08-22,Unknown,26.266000000000002,1320.52,59.26086956521739,36,Unknown,Uttar Pradesh,MANDI046,PRIVATE
2026-08-23,Unknown,26.53372881355932,1365.33,66.11320754716981,36,Unknown,Punjab,MANDI017,PRIVATE
2026-08-23,Unknown,26.53372881355932,1365.33,66.11320754716981,36,Unknown,Haryana,MANDI032,PRIVATE
2026-08-23,Unknown,26.53372881355932,1365.33,66.11320754716981,36,Unknown,Haryana,MANDI039,APMC
2026-08-23,Unknown,26.53372881355932,1365.33,66.11320754716981,36,Unknown,Uttar Pradesh,MANDI046,PRIVATE
2026-08-24,Unknown,25.386981132075473,1299.64,61.36363636363637,32,Unknown,Punjab,MANDI017,PRIVATE
2026-08-24,Unknown,25.386981132075473,1299.64,61.36363636363637,32,Unknown,Haryana,MANDI032,PRIVATE
2026-08-24,Unknown,25.386981132075473,1299.64,61.36363636363637,32,Unknown,Haryana,MANDI039,APMC
2026-08-24,Unknown,25.386981132075473,1299.64,61.36363636363637,32,Unknown,Uttar Pradesh,MANDI046,PRIVATE
2026-08-25,Unknown,26.34584905660377,1244.26,62.645833333333336,31,Unknown,Punjab,MANDI017,PRIVATE
2026-08-25,Unknown,26.34584905660377,1244.26,62.645833333333336,31,Unknown,Haryana,MANDI032,PRIVATE
2026-08-25,Unknown,26.34584905660377,1244.26,62.645833333333336,31,Unknown,Haryana,MANDI039,APMC
2026-08-25,Unknown,26.34584905660377,1244.26,62.645833333333336,31,Unknown,Uttar Pradesh,MANDI046,PRIVATE
2026-08-26,Unknown,30.062916666666666,1184.04,55.41463414634146,33,Unknown,Punjab,MANDI017,PRIVATE
2026-08-26,Unknown,30.062916666666666,1184.04,55.41463414634146,33,Unknown,Haryana,MANDI032,PRIVATE
2026-08-26,Unknown,30.062916666666666,1184.04,55.41463414634146,33,Unknown,Haryana,MANDI039,APMC
2026-08-26,Unknown,30.062916666666666,1184.04,55.41463414634146,33,Unknown,Uttar Pradesh,MANDI046,PRIVATE
2026-08-27,Unknown,28.71,1289.41,63.609756097560975,32,Unknown,Punjab,MANDI017,PRIVATE
2026-08-27,Unknown,28.71,1289.41,63.609756097560975,32,Unknown,Haryana,MANDI032,PRIVATE
2026-08-27,Unknown,28.71,1289.41,63.609756097560975,32,Unknown,Haryana,MANDI039,APMC
2026-08-27,Unknown,28.71,1289.41,63.609756097560975,32,Unknown,Uttar Pradesh,MANDI046,PRIVATE
2026-08-28,Unknown,26.81155172413793,1596.41,62.68518518518518,34,Unknown,Punjab,MANDI017,PRIVATE
2026-08-28,Unknown,26.81155172413793,1596.41,62.68518518518518,34,Unknown,Haryana,MANDI032,PRIVATE
2026-08-28,Unknown,26.81155172413793,1596.41,62.68518518518518,34,Unknown,Haryana,MANDI039,APMC
2026-08-28,Unknown,26.81155172413793,1596.41,62.68518518518518,34,Unknown,Uttar Pradesh,MANDI046,PRIVATE
2026-08-29,Unknown,27.203541666666666,1287.41,62.68181818181818,30,Unknown,Punjab,MANDI017,PRIVATE
2026-08-29,Unknown,27.203541666666666,1287.41,62.68181818181818,30,Unknown,Haryana,MANDI032,PRIVATE
2026-08-29,Unknown,27.203541666666666,1287.41,62.68181818181818,30,Unknown,Haryana,MANDI039,APMC
2026-08-29,Unknown,27.203541666666666,1287.41,62.68181818181818,30,Unknown,Uttar Pradesh,MANDI046,PRIVATE
2026-08-30,Unknown,28.10871794871795,932.82,59.421052631578945,26,Unknown,Punjab,MANDI017,PRIVATE
2026-08-30,Unknown,28.10871794871795,932.82,59.421052631578945,26,Unknown,Haryana,MANDI032,PRIVATE
2026-08-30,Unknown,28.10871794871795,932.82,59.421052631578945,26,Unknown,Haryana,MANDI039,APMC
2026-08-30,Unknown,28.10871794871795,932.82,59.421052631578945,26,Unknown,Uttar Pradesh,MANDI046,PRIVATE
2026-08-31,Unknown,27.425818181818183,1259.47,61.787234042553195,31,Unknown,Punjab,MANDI017,PRIVATE
2026-08-31,Unknown,27.425818181818183,1259.47,61.787234042553195,31,Unknown,Haryana,MANDI032,PRIVATE
2026-08-31,Unknown,27.425818181818183,1259.47,61.787234042553195,31,Unknown,Haryana,MANDI039,APMC
2026-08-31,Unknown,27.425818181818183,1259.47,61.787234042553195,31,Unknown,Uttar Pradesh,MANDI046,PRIVATE
2026-09-01,Unknown,28.1675,1619.48,60.87096774193548,39,Unknown,Punjab,MANDI017,PRIVATE
2026-09-01,Unknown,28.1675,1619.48,60.87096774193548,39,Unknown,Haryana,MANDI032,PRIVATE
2026-09-01,Unknown,28.1675,1619.48,60.87096774193548,39,Unknown,Haryana,MANDI039,APMC
2026-09-01,Unknown,28.1675,1619.48,60.87096774193548,39,Unknown,Uttar Pradesh,MANDI046,PRIVATE
2026-09-02,Unknown,27.81072727272727,1450.76,60.924528301886795,33,Unknown,Punjab,MANDI017,PRIVATE
2026-09-02,Unknown,27.81072727272727,1450.76,60.924528301886795,33,Unknown,Haryana,MANDI032,PRIVATE
2026-09-02,Unknown,27.81072727272727,1450.76,60.924528301886795,33,Unknown,Haryana,MANDI039,APMC
2026-09-02,Unknown,27.81072727272727,1450.76,60.924528301886795,33,Unknown,Uttar Pradesh,MANDI046,PRIVATE
2026-09-03,Unknown,28.148775510204082,1191.83,64.9047619047619,33,Unknown,Punjab,MANDI017,PRIVATE
2026-09-03,Unknown,28.148775510204082,1191.83,64.9047619047619,33,Unknown,Haryana,MANDI032,PRIVATE
2026-09-03,Unknown,28.148775510204082,1191.83,64.9047619047619,33,Unknown,Haryana,MANDI039,APMC
2026-09-03,Unknown,28.148775510204082,1191.83,64.9047619047619,33,Unknown,Uttar Pradesh,MANDI046,PRIVATE
2026-09-04,Unknown,27.67826923076923,1202.7,66.27659574468085,34,Unknown,Punjab,MANDI017,PRIVATE
2026-09-04,Unknown,27.67826923076923,1202.7,66.27659574468085,34,Unknown,Haryana,MANDI032,PRIVATE
2026-09-04,Unknown,27.67826923076923,1202.7,66.27659574468085,34,Unknown,Haryana,MANDI039,APMC
2026-09-04,Unknown,27.67826923076923,1202.7,66.27659574468085,34,Unknown,Uttar Pradesh,MANDI046,PRIVATE
2026-09-05,Unknown,27.307380952380953,881.55,63.175,24,Unknown,Punjab,MANDI017,PRIVATE
2026-09-05,Unknown,27.307380952380953,881.55,63.175,24,Unknown,Haryana,MANDI032,PRIVATE
2026-09-05,Unknown,27.307380952380953,881.55,63.175,24,Unknown,Haryana,MANDI039,APMC
2026-09-05,Unknown,27.307380952380953,881.55,63.175,24,Unknown,Uttar Pradesh,MANDI046,PRIVATE
2026-09-06,Unknown,26.679827586206898,1319.79,63.92156862745098,35,Unknown,Punjab,MANDI017,PRIVATE
2026-09-06,Unknown,26.679827586206898,1319.79,63.92156862745098,35,Unknown,Haryana,MANDI032,PRIVATE
2026-09-06,Unknown,26.679827586206898,1319.79,63.92156862745098,35,Unknown,Haryana,MANDI039,APMC
2026-09-06,Unknown,26.679827586206898,1319.79,63.92156862745098,35,Unknown,Uttar Pradesh,MANDI046,PRIVATE
2026-09-07,Unknown,27.60581818181818,1300.42,60.229166666666664,32,Unknown,Punjab,MANDI017,PRIVATE
2026-09-07,Unknown,27.60581818181818,1300.42,60.229166666666664,32,Unknown,Haryana,MANDI032,PRIVATE
2026-09-07,Unknown,27.60581818181818,1300.42,60.229166666666664,32,Unknown,Haryana,MANDI039,APMC
2026-09-07,Unknown,27.60581818181818,1300.42,60.229166666666664,32,Unknown,Uttar Pradesh,MANDI046,PRIVATE
2026-09-08,Unknown,28.0555,1252.3,61.01851851851852,33,Unknown,Punjab,MANDI017,PRIVATE
2026-09-08,Unknown,28.0555,1252.3,61.01851851851852,33,Unknown,Haryana,MANDI032,PRIVATE
2026-09-08,Unknown,28.0555,1252.3,61.01851851851852,33,Unknown,Haryana,MANDI039,APMC
2026-09-08,Unknown,28.0555,1252.3,61.01851851851852,33,Unknown,Uttar Pradesh,MANDI046,PRIVATE
2026-09-09,Unknown,27.1552,1176.2,58.38297872340426,33,Unknown,Punjab,MANDI017,PRIVATE
2026-09-09,Unknown,27.1552,1176.2,58.38297872340426,33,Unknown,Haryana,MANDI032,PRIVATE
2026-09-09,Unknown,27.1552,1176.2,58.38297872340426,33,Unknown,Haryana,MANDI039,APMC
2026-09-09,Unknown,27.1552,1176.2,58.38297872340426,33,Unknown,Uttar Pradesh,MANDI046,PRIVATE
